{
"type": "FeatureCollection",
"crs": { "type": "name", "properties": { "name": "urn:ogc:def:crs:OGC:1.3:CRS84" } },
"features": [
{ "type": "Feature", "properties": { "ID_HDC_G0": 1005.0, "QA2_1V": 1.0, "AREA": 29.0, "GCPNT_LAT": 16.244863677600001, "GCPNT_LON": -61.533048055599998, "CTR_MN_NM": "France", "XBRDR": 0.0, "UC_NM_MN": "Les Abymes" }, "geometry": { "type": "Point", "coordinates": [ -61.533048055624967, 16.244863677596499 ] } },
{ "type": "Feature", "properties": { "ID_HDC_G0": 1007.0, "QA2_1V": 1.0, "AREA": 35.0, "GCPNT_LAT": 14.6132110848, "GCPNT_LON": -61.066467676099997, "CTR_MN_NM": "France", "XBRDR": 0.0, "UC_NM_MN": "Fort-de-France" }, "geometry": { "type": "Point", "coordinates": [ -61.066467676106583, 14.61321108476413 ] } },
{ "type": "Feature", "properties": { "ID_HDC_G0": 1104.0, "QA2_1V": 1.0, "AREA": 20.0, "GCPNT_LAT": 4.93055937952, "GCPNT_LON": -52.3112434755, "CTR_MN_NM": "France", "XBRDR": 0.0, "UC_NM_MN": "Cayenne" }, "geometry": { "type": "Point", "coordinates": [ -52.311243475457523, 4.930559379517606 ] } },
{ "type": "Feature", "properties": { "ID_HDC_G0": 1475.0, "QA2_1V": 1.0, "AREA": 19.0, "GCPNT_LAT": 28.070071856799998, "GCPNT_LON": -16.727883900999998, "CTR_MN_NM": "Spain", "XBRDR": 0.0, "UC_NM_MN": "Los Cristianos" }, "geometry": { "type": "Point", "coordinates": [ -16.727883900981201, 28.070071856752246 ] } },
{ "type": "Feature", "properties": { "ID_HDC_G0": 1479.0, "QA2_1V": 1.0, "AREA": 29.0, "GCPNT_LAT": 28.397774993599999, "GCPNT_LON": -16.552901855400002, "CTR_MN_NM": "Spain", "XBRDR": 0.0, "UC_NM_MN": "Puerto de la Cruz" }, "geometry": { "type": "Point", "coordinates": [ -16.552901855417328, 28.397774993556368 ] } },
{ "type": "Feature", "properties": { "ID_HDC_G0": 1483.0, "QA2_1V": 1.0, "AREA": 37.0, "GCPNT_LAT": 32.655918318399998, "GCPNT_LON": -16.936393495800001, "CTR_MN_NM": "Portugal", "XBRDR": 0.0, "UC_NM_MN": "Funchal" }, "geometry": { "type": "Point", "coordinates": [ -16.936393495810847, 32.655918318399493 ] } },
{ "type": "Feature", "properties": { "ID_HDC_G0": 1488.0, "QA2_1V": 1.0, "AREA": 58.0, "GCPNT_LAT": 28.4579611851, "GCPNT_LON": -16.283388845600001, "CTR_MN_NM": "Spain", "XBRDR": 0.0, "UC_NM_MN": "Santa Cruz de Tenerife" }, "geometry": { "type": "Point", "coordinates": [ -16.28338884559523, 28.457961185074875 ] } },
{ "type": "Feature", "properties": { "ID_HDC_G0": 1494.0, "QA2_1V": 1.0, "AREA": 112.0, "GCPNT_LAT": 28.0683498225, "GCPNT_LON": -15.425599637, "CTR_MN_NM": "Spain", "XBRDR": 0.0, "UC_NM_MN": "Las Palmas de Gran Canaria" }, "geometry": { "type": "Point", "coordinates": [ -15.425599637039197, 28.068349822487956 ] } },
{ "type": "Feature", "properties": { "ID_HDC_G0": 1495.0, "QA2_1V": 1.0, "AREA": 24.0, "GCPNT_LAT": 27.8569696068, "GCPNT_LON": -15.4325821314, "CTR_MN_NM": "Spain", "XBRDR": 0.0, "UC_NM_MN": "Arinaga" }, "geometry": { "type": "Point", "coordinates": [ -15.432582131370136, 27.856969606830219 ] } },
{ "type": "Feature", "properties": { "ID_HDC_G0": 1514.0, "QA2_1V": 1.0, "AREA": 19.0, "GCPNT_LAT": 28.9653032254, "GCPNT_LON": -13.562544470700001, "CTR_MN_NM": "Spain", "XBRDR": 0.0, "UC_NM_MN": "Arrecife" }, "geometry": { "type": "Point", "coordinates": [ -13.562544470670938, 28.96530322541231 ] } },
{ "type": "Feature", "properties": { "ID_HDC_G0": 1551.0, "QA2_1V": 1.0, "AREA": 444.0, "GCPNT_LAT": 38.741939789100002, "GCPNT_LON": -9.2268820099299997, "CTR_MN_NM": "Portugal", "XBRDR": 0.0, "UC_NM_MN": "Lisbon" }, "geometry": { "type": "Point", "coordinates": [ -9.226882009931668, 38.741939789140282 ] } },
{ "type": "Feature", "properties": { "ID_HDC_G0": 1554.0, "QA2_1V": 1.0, "AREA": 35.0, "GCPNT_LAT": 38.606919706900001, "GCPNT_LON": -9.0974192062100006, "CTR_MN_NM": "Portugal", "XBRDR": 0.0, "UC_NM_MN": "Amora" }, "geometry": { "type": "Point", "coordinates": [ -9.097419206214267, 38.606919706947515 ] } },
{ "type": "Feature", "properties": { "ID_HDC_G0": 1556.0, "QA2_1V": 1.0, "AREA": 24.0, "GCPNT_LAT": 38.655618046299999, "GCPNT_LON": -9.0488326581499994, "CTR_MN_NM": "Portugal", "XBRDR": 0.0, "UC_NM_MN": "Barreiro" }, "geometry": { "type": "Point", "coordinates": [ -9.048832658154966, 38.655618046272949 ] } },
{ "type": "Feature", "properties": { "ID_HDC_G0": 1559.0, "QA2_1V": 1.0, "AREA": 15.0, "GCPNT_LAT": 38.527607900200003, "GCPNT_LON": -8.8796422138400004, "CTR_MN_NM": "Portugal", "XBRDR": 0.0, "UC_NM_MN": "Setúbal" }, "geometry": { "type": "Point", "coordinates": [ -8.879642213835471, 38.527607900214633 ] } },
{ "type": "Feature", "properties": { "ID_HDC_G0": 1566.0, "QA2_1V": 1.0, "AREA": 59.0, "GCPNT_LAT": 41.400945430699998, "GCPNT_LON": -8.7564947259599997, "CTR_MN_NM": "Portugal", "XBRDR": 0.0, "UC_NM_MN": "Póvoa de Varzim" }, "geometry": { "type": "Point", "coordinates": [ -8.756494725956147, 41.400945430734367 ] } },
{ "type": "Feature", "properties": { "ID_HDC_G0": 1568.0, "QA2_1V": 1.0, "AREA": 94.0, "GCPNT_LAT": 42.215576568400003, "GCPNT_LON": -8.72144773, "CTR_MN_NM": "Spain", "XBRDR": 0.0, "UC_NM_MN": "Vigo" }, "geometry": { "type": "Point", "coordinates": [ -8.721447729995685, 42.215576568398824 ] } },
{ "type": "Feature", "properties": { "ID_HDC_G0": 1569.0, "QA2_1V": 1.0, "AREA": 343.0, "GCPNT_LAT": 41.164653865399998, "GCPNT_LON": -8.6091490098500003, "CTR_MN_NM": "Portugal", "XBRDR": 0.0, "UC_NM_MN": "Porto" }, "geometry": { "type": "Point", "coordinates": [ -8.609149009854274, 41.164653865442574 ] } },
{ "type": "Feature", "properties": { "ID_HDC_G0": 1572.0, "QA2_1V": 1.0, "AREA": 17.0, "GCPNT_LAT": 40.212584574499999, "GCPNT_LON": -8.4163248176500005, "CTR_MN_NM": "Portugal", "XBRDR": 0.0, "UC_NM_MN": "Coimbra" }, "geometry": { "type": "Point", "coordinates": [ -8.416324817650185, 40.212584574487849 ] } },
{ "type": "Feature", "properties": { "ID_HDC_G0": 1573.0, "QA2_1V": 1.0, "AREA": 30.0, "GCPNT_LAT": 41.543041398600003, "GCPNT_LON": -8.4243590911100004, "CTR_MN_NM": "Portugal", "XBRDR": 0.0, "UC_NM_MN": "Braga" }, "geometry": { "type": "Point", "coordinates": [ -8.424359091105329, 41.543041398558479 ] } },
{ "type": "Feature", "properties": { "ID_HDC_G0": 1576.0, "QA2_1V": 1.0, "AREA": 64.0, "GCPNT_LAT": 43.349564043400001, "GCPNT_LON": -8.4085913383099999, "CTR_MN_NM": "Spain", "XBRDR": 0.0, "UC_NM_MN": "A Coruña" }, "geometry": { "type": "Point", "coordinates": [ -8.408591338313018, 43.349564043370926 ] } },
{ "type": "Feature", "properties": { "ID_HDC_G0": 1580.0, "QA2_1V": 1.0, "AREA": 30.0, "GCPNT_LAT": 43.489041142300003, "GCPNT_LON": -8.2123886724500004, "CTR_MN_NM": "Spain", "XBRDR": 0.0, "UC_NM_MN": "Ferrol" }, "geometry": { "type": "Point", "coordinates": [ -8.21238867244681, 43.489041142319778 ] } },
{ "type": "Feature", "properties": { "ID_HDC_G0": 1584.0, "QA2_1V": 1.0, "AREA": 29.0, "GCPNT_LAT": 53.276877993200003, "GCPNT_LON": -9.0535582738800002, "CTR_MN_NM": "Ireland", "XBRDR": 0.0, "UC_NM_MN": "Galway" }, "geometry": { "type": "Point", "coordinates": [ -9.053558273881212, 53.276877993237974 ] } },
{ "type": "Feature", "properties": { "ID_HDC_G0": 1588.0, "QA2_1V": 1.0, "AREA": 18.0, "GCPNT_LAT": 42.336827931499997, "GCPNT_LON": -7.8666178264699997, "CTR_MN_NM": "Spain", "XBRDR": 0.0, "UC_NM_MN": "Ourense" }, "geometry": { "type": "Point", "coordinates": [ -7.866617826468846, 42.336827931468129 ] } },
{ "type": "Feature", "properties": { "ID_HDC_G0": 1593.0, "QA2_1V": 1.0, "AREA": 51.0, "GCPNT_LAT": 51.891859671900001, "GCPNT_LON": -8.4589970150100005, "CTR_MN_NM": "Ireland", "XBRDR": 0.0, "UC_NM_MN": "Cork" }, "geometry": { "type": "Point", "coordinates": [ -8.458997015006574, 51.891859671933055 ] } },
{ "type": "Feature", "properties": { "ID_HDC_G0": 1599.0, "QA2_1V": 1.0, "AREA": 25.0, "GCPNT_LAT": 37.2589987287, "GCPNT_LON": -6.93911756414, "CTR_MN_NM": "Spain", "XBRDR": 0.0, "UC_NM_MN": "Huelva" }, "geometry": { "type": "Point", "coordinates": [ -6.939117564137908, 37.258998728651008 ] } },
{ "type": "Feature", "properties": { "ID_HDC_G0": 1602.0, "QA2_1V": 1.0, "AREA": 20.0, "GCPNT_LAT": 38.879731464300001, "GCPNT_LON": -6.9813018148100001, "CTR_MN_NM": "Spain", "XBRDR": 0.0, "UC_NM_MN": "Badajoz" }, "geometry": { "type": "Point", "coordinates": [ -6.981301814812902, 38.879731464340409 ] } },
{ "type": "Feature", "properties": { "ID_HDC_G0": 1618.0, "QA2_1V": 1.0, "AREA": 30.0, "GCPNT_LAT": 36.518841548600001, "GCPNT_LON": -6.2659257346299997, "CTR_MN_NM": "Spain", "XBRDR": 0.0, "UC_NM_MN": "Cádiz" }, "geometry": { "type": "Point", "coordinates": [ -6.26592573463467, 36.518841548559138 ] } },
{ "type": "Feature", "properties": { "ID_HDC_G0": 1619.0, "QA2_1V": 1.0, "AREA": 29.0, "GCPNT_LAT": 36.597394752100001, "GCPNT_LON": -6.2382940482600002, "CTR_MN_NM": "Spain", "XBRDR": 0.0, "UC_NM_MN": "El Puerto de Santa María" }, "geometry": { "type": "Point", "coordinates": [ -6.238294048259266, 36.597394752117694 ] } },
{ "type": "Feature", "properties": { "ID_HDC_G0": 1620.0, "QA2_1V": 1.0, "AREA": 17.0, "GCPNT_LAT": 39.475913419500003, "GCPNT_LON": -6.3726409728400002, "CTR_MN_NM": "Spain", "XBRDR": 0.0, "UC_NM_MN": "Cáceres" }, "geometry": { "type": "Point", "coordinates": [ -6.37264097284312, 39.475913419464696 ] } },
{ "type": "Feature", "properties": { "ID_HDC_G0": 1622.0, "QA2_1V": 1.0, "AREA": 14.0, "GCPNT_LAT": 36.462486494099998, "GCPNT_LON": -6.2013476221200001, "CTR_MN_NM": "Spain", "XBRDR": 0.0, "UC_NM_MN": "San Fernando" }, "geometry": { "type": "Point", "coordinates": [ -6.201347622117658, 36.462486494106983 ] } },
{ "type": "Feature", "properties": { "ID_HDC_G0": 1627.0, "QA2_1V": 1.0, "AREA": 37.0, "GCPNT_LAT": 36.688620826300003, "GCPNT_LON": -6.1205758713899998, "CTR_MN_NM": "Spain", "XBRDR": 0.0, "UC_NM_MN": "Jerez" }, "geometry": { "type": "Point", "coordinates": [ -6.120575871387612, 36.68862082634891 ] } },
{ "type": "Feature", "properties": { "ID_HDC_G0": 1632.0, "QA2_1V": 1.0, "AREA": 163.0, "GCPNT_LAT": 37.376190045599998, "GCPNT_LON": -5.9868441888900001, "CTR_MN_NM": "Spain", "XBRDR": 0.0, "UC_NM_MN": "Seville" }, "geometry": { "type": "Point", "coordinates": [ -5.986844188887172, 37.376190045557593 ] } },
{ "type": "Feature", "properties": { "ID_HDC_G0": 1636.0, "QA2_1V": 1.0, "AREA": 28.0, "GCPNT_LAT": 55.008094478499999, "GCPNT_LON": -7.3220012414599998, "CTR_MN_NM": "United Kingdom", "XBRDR": 0.0, "UC_NM_MN": "Londonderry/Derry" }, "geometry": { "type": "Point", "coordinates": [ -7.322001241463058, 55.008094478514693 ] } },
{ "type": "Feature", "properties": { "ID_HDC_G0": 1638.0, "QA2_1V": 1.0, "AREA": 21.0, "GCPNT_LAT": 37.285508274800002, "GCPNT_LON": -5.9299906776900002, "CTR_MN_NM": "Spain", "XBRDR": 0.0, "UC_NM_MN": "Dos Hermanas" }, "geometry": { "type": "Point", "coordinates": [ -5.929990677686682, 37.285508274781762 ] } },
{ "type": "Feature", "properties": { "ID_HDC_G0": 1647.0, "QA2_1V": 1.0, "AREA": 23.0, "GCPNT_LAT": 43.5598075837, "GCPNT_LON": -5.9158971642699996, "CTR_MN_NM": "Spain", "XBRDR": 0.0, "UC_NM_MN": "Avilés" }, "geometry": { "type": "Point", "coordinates": [ -5.91589716427209, 43.55980758365267 ] } },
{ "type": "Feature", "properties": { "ID_HDC_G0": 1649.0, "QA2_1V": 1.0, "AREA": 30.0, "GCPNT_LAT": 43.375564328199999, "GCPNT_LON": -5.8335421582600002, "CTR_MN_NM": "Spain", "XBRDR": 0.0, "UC_NM_MN": "Oviedo" }, "geometry": { "type": "Point", "coordinates": [ -5.83354215825908, 43.375564328215077 ] } },
{ "type": "Feature", "properties": { "ID_HDC_G0": 1650.0, "QA2_1V": 1.0, "AREA": 69.0, "GCPNT_LAT": 36.1834478691, "GCPNT_LON": -5.4008087642999998, "CTR_MN_NM": "Spain", "XBRDR": 1.0, "UC_NM_MN": "Algeciras" }, "geometry": { "type": "Point", "coordinates": [ -5.4008087643, 36.1834478691 ] } },
{ "type": "Feature", "properties": { "ID_HDC_G0": 1651.0, "QA2_1V": 1.0, "AREA": 29.0, "GCPNT_LAT": 40.958248812100003, "GCPNT_LON": -5.6565035455599997, "CTR_MN_NM": "Spain", "XBRDR": 0.0, "UC_NM_MN": "Salamanca" }, "geometry": { "type": "Point", "coordinates": [ -5.656503545559804, 40.95824881211373 ] } },
{ "type": "Feature", "properties": { "ID_HDC_G0": 1654.0, "QA2_1V": 1.0, "AREA": 26.0, "GCPNT_LAT": 35.875275638300003, "GCPNT_LON": -5.3345691424000004, "CTR_MN_NM": "Spain", "XBRDR": 1.0, "UC_NM_MN": "Ceuta" }, "geometry": { "type": "Point", "coordinates": [ -5.33456914239822, 35.875275638264064 ] } },
{ "type": "Feature", "properties": { "ID_HDC_G0": 1655.0, "QA2_1V": 1.0, "AREA": 57.0, "GCPNT_LAT": 43.532630804, "GCPNT_LON": -5.6871094689900001, "CTR_MN_NM": "Spain", "XBRDR": 0.0, "UC_NM_MN": "Gijón" }, "geometry": { "type": "Point", "coordinates": [ -5.687109468991468, 43.532630803963343 ] } },
{ "type": "Feature", "properties": { "ID_HDC_G0": 1656.0, "QA2_1V": 1.0, "AREA": 300.0, "GCPNT_LAT": 53.327331167899999, "GCPNT_LON": -6.2617281880100002, "CTR_MN_NM": "Ireland", "XBRDR": 0.0, "UC_NM_MN": "Dublin" }, "geometry": { "type": "Point", "coordinates": [ -6.261728188008778, 53.327331167913528 ] } },
{ "type": "Feature", "properties": { "ID_HDC_G0": 1659.0, "QA2_1V": 1.0, "AREA": 27.0, "GCPNT_LAT": 53.391846662299997, "GCPNT_LON": -6.3991573256000001, "CTR_MN_NM": "Ireland", "XBRDR": 0.0, "UC_NM_MN": "Blanchardstown" }, "geometry": { "type": "Point", "coordinates": [ -6.399157325598136, 53.391846662254927 ] } },
{ "type": "Feature", "properties": { "ID_HDC_G0": 1662.0, "QA2_1V": 1.0, "AREA": 36.0, "GCPNT_LAT": 42.591388523200003, "GCPNT_LON": -5.5793668304299997, "CTR_MN_NM": "Spain", "XBRDR": 0.0, "UC_NM_MN": "León" }, "geometry": { "type": "Point", "coordinates": [ -5.579366830434282, 42.591388523155153 ] } },
{ "type": "Feature", "properties": { "ID_HDC_G0": 1663.0, "QA2_1V": 1.0, "AREA": 25.0, "GCPNT_LAT": 53.4510798389, "GCPNT_LON": -6.1870302531299997, "CTR_MN_NM": "Ireland", "XBRDR": 0.0, "UC_NM_MN": "Swords" }, "geometry": { "type": "Point", "coordinates": [ -6.187030253130514, 53.451079838885157 ] } },
{ "type": "Feature", "properties": { "ID_HDC_G0": 1665.0, "QA2_1V": 1.0, "AREA": 60.0, "GCPNT_LAT": 36.492774897300002, "GCPNT_LON": -4.96408379947, "CTR_MN_NM": "Spain", "XBRDR": 0.0, "UC_NM_MN": "Marbella" }, "geometry": { "type": "Point", "coordinates": [ -4.964083799469464, 36.492774897333774 ] } },
{ "type": "Feature", "properties": { "ID_HDC_G0": 1667.0, "QA2_1V": 1.0, "AREA": 163.0, "GCPNT_LAT": 54.6018761618, "GCPNT_LON": -5.9454350424099998, "CTR_MN_NM": "United Kingdom", "XBRDR": 0.0, "UC_NM_MN": "Belfast" }, "geometry": { "type": "Point", "coordinates": [ -5.945435042409218, 54.601876161809578 ] } },
{ "type": "Feature", "properties": { "ID_HDC_G0": 1673.0, "QA2_1V": 1.0, "AREA": 37.0, "GCPNT_LAT": 37.883427527400002, "GCPNT_LON": -4.7844265976399996, "CTR_MN_NM": "Spain", "XBRDR": 0.0, "UC_NM_MN": "Córdoba" }, "geometry": { "type": "Point", "coordinates": [ -4.784426597642122, 37.883427527371168 ] } },
{ "type": "Feature", "properties": { "ID_HDC_G0": 1674.0, "QA2_1V": 1.0, "AREA": 17.0, "GCPNT_LAT": 39.961962669899997, "GCPNT_LON": -4.8311502197699996, "CTR_MN_NM": "Spain", "XBRDR": 0.0, "UC_NM_MN": "Talavera de la Reina" }, "geometry": { "type": "Point", "coordinates": [ -4.831150219774694, 39.961962669892074 ] } },
{ "type": "Feature", "properties": { "ID_HDC_G0": 1677.0, "QA2_1V": 1.0, "AREA": 205.0, "GCPNT_LAT": 36.670334983499998, "GCPNT_LON": -4.47421944324, "CTR_MN_NM": "Spain", "XBRDR": 0.0, "UC_NM_MN": "Málaga" }, "geometry": { "type": "Point", "coordinates": [ -4.474219443244891, 36.670334983540897 ] } },
{ "type": "Feature", "properties": { "ID_HDC_G0": 1678.0, "QA2_1V": 1.0, "AREA": 20.0, "GCPNT_LAT": 54.6517473141, "GCPNT_LON": -5.6638076990399995, "CTR_MN_NM": "United Kingdom", "XBRDR": 0.0, "UC_NM_MN": "Bangor" }, "geometry": { "type": "Point", "coordinates": [ -5.663807699040768, 54.651747314131306 ] } },
{ "type": "Feature", "properties": { "ID_HDC_G0": 1682.0, "QA2_1V": 1.0, "AREA": 67.0, "GCPNT_LAT": 41.6320389957, "GCPNT_LON": -4.7308003149399998, "CTR_MN_NM": "Spain", "XBRDR": 0.0, "UC_NM_MN": "Valladolid" }, "geometry": { "type": "Point", "coordinates": [ -4.730800314938802, 41.63203899565805 ] } },
{ "type": "Feature", "properties": { "ID_HDC_G0": 1688.0, "QA2_1V": 1.0, "AREA": 13.0, "GCPNT_LAT": 42.008618796100002, "GCPNT_LON": -4.5260056420500003, "CTR_MN_NM": "Spain", "XBRDR": 0.0, "UC_NM_MN": "Palencia" }, "geometry": { "type": "Point", "coordinates": [ -4.526005642050502, 42.00861879613344 ] } },
{ "type": "Feature", "properties": { "ID_HDC_G0": 1691.0, "QA2_1V": 1.0, "AREA": 57.0, "GCPNT_LAT": 48.397021135899998, "GCPNT_LON": -4.4768125312900002, "CTR_MN_NM": "France", "XBRDR": 0.0, "UC_NM_MN": "Brest" }, "geometry": { "type": "Point", "coordinates": [ -4.476812531289816, 48.397021135930373 ] } },
{ "type": "Feature", "properties": { "ID_HDC_G0": 1697.0, "QA2_1V": 1.0, "AREA": 14.0, "GCPNT_LAT": 40.632733875600003, "GCPNT_LON": -4.0066510752099997, "CTR_MN_NM": "Spain", "XBRDR": 0.0, "UC_NM_MN": "Collado Villalba" }, "geometry": { "type": "Point", "coordinates": [ -4.006651075209313, 40.632733875556873 ] } },
{ "type": "Feature", "properties": { "ID_HDC_G0": 1698.0, "QA2_1V": 1.0, "AREA": 20.0, "GCPNT_LAT": 38.9784667634, "GCPNT_LON": -3.9189528891499998, "CTR_MN_NM": "Spain", "XBRDR": 0.0, "UC_NM_MN": "Ciudad Real" }, "geometry": { "type": "Point", "coordinates": [ -3.918952889154699, 38.978466763418062 ] } },
{ "type": "Feature", "properties": { "ID_HDC_G0": 1699.0, "QA2_1V": 1.0, "AREA": 30.0, "GCPNT_LAT": 55.943597309099999, "GCPNT_LON": -4.7536870781699996, "CTR_MN_NM": "United Kingdom", "XBRDR": 0.0, "UC_NM_MN": "Greenock" }, "geometry": { "type": "Point", "coordinates": [ -4.753687078169664, 55.943597309060785 ] } },
{ "type": "Feature", "properties": { "ID_HDC_G0": 1700.0, "QA2_1V": 1.0, "AREA": 17.0, "GCPNT_LAT": 43.345405456199998, "GCPNT_LON": -4.0533261279600001, "CTR_MN_NM": "Spain", "XBRDR": 0.0, "UC_NM_MN": "Torrelavega" }, "geometry": { "type": "Point", "coordinates": [ -4.053326127958636, 43.345405456245992 ] } },
{ "type": "Feature", "properties": { "ID_HDC_G0": 1701.0, "QA2_1V": 1.0, "AREA": 781.0, "GCPNT_LAT": 40.404046648200001, "GCPNT_LON": -3.70816628677, "CTR_MN_NM": "Spain", "XBRDR": 0.0, "UC_NM_MN": "Madrid" }, "geometry": { "type": "Point", "coordinates": [ -3.708166286767253, 40.404046648228785 ] } },
{ "type": "Feature", "properties": { "ID_HDC_G0": 1702.0, "QA2_1V": 1.0, "AREA": 12.0, "GCPNT_LAT": 37.780479375600002, "GCPNT_LON": -3.78738109277, "CTR_MN_NM": "Spain", "XBRDR": 0.0, "UC_NM_MN": "Jaén" }, "geometry": { "type": "Point", "coordinates": [ -3.78738109276953, 37.780479375574259 ] } },
{ "type": "Feature", "properties": { "ID_HDC_G0": 1703.0, "QA2_1V": 1.0, "AREA": 24.0, "GCPNT_LAT": 55.471533694500003, "GCPNT_LON": -4.6160599171900003, "CTR_MN_NM": "United Kingdom", "XBRDR": 0.0, "UC_NM_MN": "Ayr" }, "geometry": { "type": "Point", "coordinates": [ -4.616059917186186, 55.471533694496216 ] } },
{ "type": "Feature", "properties": { "ID_HDC_G0": 1705.0, "QA2_1V": 1.0, "AREA": 66.0, "GCPNT_LAT": 43.449454918500003, "GCPNT_LON": -3.8282388353800001, "CTR_MN_NM": "Spain", "XBRDR": 0.0, "UC_NM_MN": "Santander" }, "geometry": { "type": "Point", "coordinates": [ -3.828238835375037, 43.449454918509709 ] } },
{ "type": "Feature", "properties": { "ID_HDC_G0": 1707.0, "QA2_1V": 1.0, "AREA": 88.0, "GCPNT_LAT": 50.390308379399997, "GCPNT_LON": -4.1250154341499998, "CTR_MN_NM": "United Kingdom", "XBRDR": 0.0, "UC_NM_MN": "Plymouth" }, "geometry": { "type": "Point", "coordinates": [ -4.125015434149389, 50.390308379378283 ] } },
{ "type": "Feature", "properties": { "ID_HDC_G0": 1708.0, "QA2_1V": 1.0, "AREA": 78.0, "GCPNT_LAT": 37.163385913500001, "GCPNT_LON": -3.6139988756300001, "CTR_MN_NM": "Spain", "XBRDR": 0.0, "UC_NM_MN": "Granada" }, "geometry": { "type": "Point", "coordinates": [ -3.61399887562641, 37.163385913501735 ] } },
{ "type": "Feature", "properties": { "ID_HDC_G0": 1709.0, "QA2_1V": 1.0, "AREA": 305.0, "GCPNT_LAT": 55.856188707400001, "GCPNT_LON": -4.30185594714, "CTR_MN_NM": "United Kingdom", "XBRDR": 0.0, "UC_NM_MN": "Glasgow" }, "geometry": { "type": "Point", "coordinates": [ -4.301855947141592, 55.856188707431379 ] } },
{ "type": "Feature", "properties": { "ID_HDC_G0": 1711.0, "QA2_1V": 1.0, "AREA": 33.0, "GCPNT_LAT": 42.3497872242, "GCPNT_LON": -3.6814762556499998, "CTR_MN_NM": "Spain", "XBRDR": 0.0, "UC_NM_MN": "Burgos" }, "geometry": { "type": "Point", "coordinates": [ -3.681476255645006, 42.349787224232834 ] } },
{ "type": "Feature", "properties": { "ID_HDC_G0": 1713.0, "QA2_1V": 1.0, "AREA": 60.0, "GCPNT_LAT": 51.636437642700002, "GCPNT_LON": -3.9456554611099999, "CTR_MN_NM": "United Kingdom", "XBRDR": 0.0, "UC_NM_MN": "Swansea" }, "geometry": { "type": "Point", "coordinates": [ -3.945655461111593, 51.636437642704117 ] } },
{ "type": "Feature", "properties": { "ID_HDC_G0": 1716.0, "QA2_1V": 1.0, "AREA": 22.0, "GCPNT_LAT": 55.759966732800002, "GCPNT_LON": -4.1848500799300004, "CTR_MN_NM": "United Kingdom", "XBRDR": 0.0, "UC_NM_MN": "East Kilbride" }, "geometry": { "type": "Point", "coordinates": [ -4.184850079933676, 55.759966732763523 ] } },
{ "type": "Feature", "properties": { "ID_HDC_G0": 1718.0, "QA2_1V": 1.0, "AREA": 56.0, "GCPNT_LAT": 51.612602193800001, "GCPNT_LON": -3.80786710907, "CTR_MN_NM": "United Kingdom", "XBRDR": 0.0, "UC_NM_MN": "Neath" }, "geometry": { "type": "Point", "coordinates": [ -3.807867109073884, 51.612602193798999 ] } },
{ "type": "Feature", "properties": { "ID_HDC_G0": 1719.0, "QA2_1V": 1.0, "AREA": 39.0, "GCPNT_LAT": 40.492940238499997, "GCPNT_LON": -3.3788600351399998, "CTR_MN_NM": "Spain", "XBRDR": 0.0, "UC_NM_MN": "Alcalá de Henares" }, "geometry": { "type": "Point", "coordinates": [ -3.378860035139616, 40.492940238515203 ] } },
{ "type": "Feature", "properties": { "ID_HDC_G0": 1721.0, "QA2_1V": 1.0, "AREA": 20.0, "GCPNT_LAT": 55.776650108399998, "GCPNT_LON": -4.0695181162200003, "CTR_MN_NM": "United Kingdom", "XBRDR": 0.0, "UC_NM_MN": "Hamilton" }, "geometry": { "type": "Point", "coordinates": [ -4.069518116223594, 55.776650108422366 ] } },
{ "type": "Feature", "properties": { "ID_HDC_G0": 1722.0, "QA2_1V": 1.0, "AREA": 50.0, "GCPNT_LAT": 55.799719400400001, "GCPNT_LON": -3.9878954437699998, "CTR_MN_NM": "United Kingdom", "XBRDR": 0.0, "UC_NM_MN": "Wishaw" }, "geometry": { "type": "Point", "coordinates": [ -3.987895443774293, 55.799719400398878 ] } },
{ "type": "Feature", "properties": { "ID_HDC_G0": 1723.0, "QA2_1V": 1.0, "AREA": 29.0, "GCPNT_LAT": 55.8585738998, "GCPNT_LON": -3.9951560866599998, "CTR_MN_NM": "United Kingdom", "XBRDR": 0.0, "UC_NM_MN": "Coatbridge" }, "geometry": { "type": "Point", "coordinates": [ -3.995156086655554, 55.858573899769318 ] } },
{ "type": "Feature", "properties": { "ID_HDC_G0": 1726.0, "QA2_1V": 1.0, "AREA": 41.0, "GCPNT_LAT": 50.454065170900002, "GCPNT_LON": -3.55219730539, "CTR_MN_NM": "United Kingdom", "XBRDR": 0.0, "UC_NM_MN": "Torquay" }, "geometry": { "type": "Point", "coordinates": [ -3.552197305389243, 50.45406517089161 ] } },
{ "type": "Feature", "properties": { "ID_HDC_G0": 1727.0, "QA2_1V": 1.0, "AREA": 17.0, "GCPNT_LAT": 40.639863538999997, "GCPNT_LON": -3.16917466051, "CTR_MN_NM": "Spain", "XBRDR": 0.0, "UC_NM_MN": "Guadalajara" }, "geometry": { "type": "Point", "coordinates": [ -3.169174660510073, 40.639863539025434 ] } },
{ "type": "Feature", "properties": { "ID_HDC_G0": 1728.0, "QA2_1V": 1.0, "AREA": 21.0, "GCPNT_LAT": 51.515695743800002, "GCPNT_LON": -3.57734103671, "CTR_MN_NM": "United Kingdom", "XBRDR": 0.0, "UC_NM_MN": "Bridgend" }, "geometry": { "type": "Point", "coordinates": [ -3.577341036707488, 51.515695743785059 ] } },
{ "type": "Feature", "properties": { "ID_HDC_G0": 1729.0, "QA2_1V": 1.0, "AREA": 31.0, "GCPNT_LAT": 50.720306966400003, "GCPNT_LON": -3.5134053941899999, "CTR_MN_NM": "United Kingdom", "XBRDR": 0.0, "UC_NM_MN": "Exeter" }, "geometry": { "type": "Point", "coordinates": [ -3.513405394194275, 50.720306966360297 ] } },
{ "type": "Feature", "properties": { "ID_HDC_G0": 1731.0, "QA2_1V": 1.0, "AREA": 22.0, "GCPNT_LAT": 56.009578651200002, "GCPNT_LON": -3.7972439411400001, "CTR_MN_NM": "United Kingdom", "XBRDR": 0.0, "UC_NM_MN": "Larbert" }, "geometry": { "type": "Point", "coordinates": [ -3.797243941140368, 56.009578651224253 ] } },
{ "type": "Feature", "properties": { "ID_HDC_G0": 1732.0, "QA2_1V": 1.0, "AREA": 52.0, "GCPNT_LAT": 47.736741478799999, "GCPNT_LON": -3.3606747084799999, "CTR_MN_NM": "France", "XBRDR": 0.0, "UC_NM_MN": "Lorient" }, "geometry": { "type": "Point", "coordinates": [ -3.3606747084819, 47.736741478806174 ] } },
{ "type": "Feature", "properties": { "ID_HDC_G0": 1737.0, "QA2_1V": 1.0, "AREA": 136.0, "GCPNT_LAT": 43.297522277, "GCPNT_LON": -2.97224544556, "CTR_MN_NM": "Spain", "XBRDR": 0.0, "UC_NM_MN": "Bilbao" }, "geometry": { "type": "Point", "coordinates": [ -2.972245445557779, 43.297522276998691 ] } },
{ "type": "Feature", "properties": { "ID_HDC_G0": 1739.0, "QA2_1V": 1.0, "AREA": 21.0, "GCPNT_LAT": 55.891903132000003, "GCPNT_LON": -3.5202544213799998, "CTR_MN_NM": "United Kingdom", "XBRDR": 0.0, "UC_NM_MN": "Livingston" }, "geometry": { "type": "Point", "coordinates": [ -3.520254421377168, 55.89190313195855 ] } },
{ "type": "Feature", "properties": { "ID_HDC_G0": 1741.0, "QA2_1V": 1.0, "AREA": 109.0, "GCPNT_LAT": 51.490337625700001, "GCPNT_LON": -3.1792801766299998, "CTR_MN_NM": "United Kingdom", "XBRDR": 0.0, "UC_NM_MN": "Cardiff" }, "geometry": { "type": "Point", "coordinates": [ -3.179280176630963, 51.490337625670222 ] } },
{ "type": "Feature", "properties": { "ID_HDC_G0": 1742.0, "QA2_1V": 1.0, "AREA": 26.0, "GCPNT_LAT": 56.052110878800001, "GCPNT_LON": -3.4380562511099999, "CTR_MN_NM": "United Kingdom", "XBRDR": 0.0, "UC_NM_MN": "Dunfermline" }, "geometry": { "type": "Point", "coordinates": [ -3.438056251105693, 56.052110878846186 ] } },
{ "type": "Feature", "properties": { "ID_HDC_G0": 1746.0, "QA2_1V": 1.0, "AREA": 19.0, "GCPNT_LAT": 51.016986200600002, "GCPNT_LON": -3.0992153884400002, "CTR_MN_NM": "United Kingdom", "XBRDR": 0.0, "UC_NM_MN": "Taunton" }, "geometry": { "type": "Point", "coordinates": [ -3.099215388444148, 51.016986200633148 ] } },
{ "type": "Feature", "properties": { "ID_HDC_G0": 1749.0, "QA2_1V": 1.0, "AREA": 123.0, "GCPNT_LAT": 55.942266178200001, "GCPNT_LON": -3.1916155366700001, "CTR_MN_NM": "United Kingdom", "XBRDR": 0.0, "UC_NM_MN": "Edinburgh" }, "geometry": { "type": "Point", "coordinates": [ -3.191615536666627, 55.942266178163827 ] } },
{ "type": "Feature", "properties": { "ID_HDC_G0": 1750.0, "QA2_1V": 1.0, "AREA": 42.0, "GCPNT_LAT": 42.850668253899997, "GCPNT_LON": -2.6894908859699997, "CTR_MN_NM": "Spain", "XBRDR": 0.0, "UC_NM_MN": "Vitoria-Gasteiz" }, "geometry": { "type": "Point", "coordinates": [ -2.689490885970197, 42.850668253924198 ] } },
{ "type": "Feature", "properties": { "ID_HDC_G0": 1751.0, "QA2_1V": 1.0, "AREA": 418.0, "GCPNT_LAT": 53.433507969799997, "GCPNT_LON": -2.8742887379199997, "CTR_MN_NM": "United Kingdom", "XBRDR": 0.0, "UC_NM_MN": "Liverpool" }, "geometry": { "type": "Point", "coordinates": [ -2.874288737915836, 53.433507969754345 ] } },
{ "type": "Feature", "properties": { "ID_HDC_G0": 1752.0, "QA2_1V": 1.0, "AREA": 57.0, "GCPNT_LAT": 51.5836276908, "GCPNT_LON": -2.9755023414399999, "CTR_MN_NM": "United Kingdom", "XBRDR": 0.0, "UC_NM_MN": "Newport" }, "geometry": { "type": "Point", "coordinates": [ -2.975502341436402, 51.583627690793442 ] } },
{ "type": "Feature", "properties": { "ID_HDC_G0": 1753.0, "QA2_1V": 1.0, "AREA": 28.0, "GCPNT_LAT": 51.348991601500003, "GCPNT_LON": -2.9505577268400001, "CTR_MN_NM": "United Kingdom", "XBRDR": 0.0, "UC_NM_MN": "Weston-super-Mare" }, "geometry": { "type": "Point", "coordinates": [ -2.950557726836247, 51.348991601501687 ] } },
{ "type": "Feature", "properties": { "ID_HDC_G0": 1755.0, "QA2_1V": 1.0, "AREA": 75.0, "GCPNT_LAT": 53.851307271099998, "GCPNT_LON": -3.0264326461, "CTR_MN_NM": "United Kingdom", "XBRDR": 0.0, "UC_NM_MN": "Blackpool" }, "geometry": { "type": "Point", "coordinates": [ -3.026432646102369, 53.851307271137472 ] } },
{ "type": "Feature", "properties": { "ID_HDC_G0": 1756.0, "QA2_1V": 1.0, "AREA": 22.0, "GCPNT_LAT": 53.643345721800003, "GCPNT_LON": -2.9913398630899999, "CTR_MN_NM": "United Kingdom", "XBRDR": 0.0, "UC_NM_MN": "Southport" }, "geometry": { "type": "Point", "coordinates": [ -2.991339863090885, 53.643345721776853 ] } },
{ "type": "Feature", "properties": { "ID_HDC_G0": 1757.0, "QA2_1V": 1.0, "AREA": 29.0, "GCPNT_LAT": 48.513047195200002, "GCPNT_LON": -2.7496001956399998, "CTR_MN_NM": "France", "XBRDR": 0.0, "UC_NM_MN": "Saint-Brieuc" }, "geometry": { "type": "Point", "coordinates": [ -2.749600195635511, 48.513047195212302 ] } },
{ "type": "Feature", "properties": { "ID_HDC_G0": 1758.0, "QA2_1V": 1.0, "AREA": 60.0, "GCPNT_LAT": 36.848474914000001, "GCPNT_LON": -2.42218572122, "CTR_MN_NM": "Spain", "XBRDR": 0.0, "UC_NM_MN": "Almeria" }, "geometry": { "type": "Point", "coordinates": [ -2.422185721217703, 36.848474914034163 ] } },
{ "type": "Feature", "properties": { "ID_HDC_G0": 1759.0, "QA2_1V": 1.0, "AREA": 29.0, "GCPNT_LAT": 53.2789069727, "GCPNT_LON": -2.8988297166699999, "CTR_MN_NM": "United Kingdom", "XBRDR": 0.0, "UC_NM_MN": "Ellesmere Port" }, "geometry": { "type": "Point", "coordinates": [ -2.898829716670977, 53.278906972665595 ] } },
{ "type": "Feature", "properties": { "ID_HDC_G0": 1760.0, "QA2_1V": 1.0, "AREA": 27.0, "GCPNT_LAT": 53.194959266200001, "GCPNT_LON": -2.8943553509299997, "CTR_MN_NM": "United Kingdom", "XBRDR": 0.0, "UC_NM_MN": "Chester" }, "geometry": { "type": "Point", "coordinates": [ -2.894355350926974, 53.194959266215925 ] } },
{ "type": "Feature", "properties": { "ID_HDC_G0": 1761.0, "QA2_1V": 1.0, "AREA": 17.0, "GCPNT_LAT": 54.8821223108, "GCPNT_LON": -2.92972943435, "CTR_MN_NM": "United Kingdom", "XBRDR": 0.0, "UC_NM_MN": "Carlisle" }, "geometry": { "type": "Point", "coordinates": [ -2.92972943434704, 54.882122310816825 ] } },
{ "type": "Feature", "properties": { "ID_HDC_G0": 1763.0, "QA2_1V": 1.0, "AREA": 62.0, "GCPNT_LAT": 56.474085459000001, "GCPNT_LON": -2.9399783366599999, "CTR_MN_NM": "United Kingdom", "XBRDR": 0.0, "UC_NM_MN": "Dundee" }, "geometry": { "type": "Point", "coordinates": [ -2.939978336663484, 56.474085458951627 ] } },
{ "type": "Feature", "properties": { "ID_HDC_G0": 1764.0, "QA2_1V": 1.0, "AREA": 37.0, "GCPNT_LAT": 54.054076444099998, "GCPNT_LON": -2.8552421408699997, "CTR_MN_NM": "United Kingdom", "XBRDR": 0.0, "UC_NM_MN": "Lancaster" }, "geometry": { "type": "Point", "coordinates": [ -2.85524214087279, 54.054076444109114 ] } },
{ "type": "Feature", "properties": { "ID_HDC_G0": 1767.0, "QA2_1V": 1.0, "AREA": 27.0, "GCPNT_LAT": 52.712134899900001, "GCPNT_LON": -2.7526596645699999, "CTR_MN_NM": "United Kingdom", "XBRDR": 0.0, "UC_NM_MN": "Shrewsbury" }, "geometry": { "type": "Point", "coordinates": [ -2.752659664572306, 52.712134899874052 ] } },
{ "type": "Feature", "properties": { "ID_HDC_G0": 1768.0, "QA2_1V": 1.0, "AREA": 32.0, "GCPNT_LAT": 42.46368189, "GCPNT_LON": -2.43719776939, "CTR_MN_NM": "Spain", "XBRDR": 0.0, "UC_NM_MN": "Logroño" }, "geometry": { "type": "Point", "coordinates": [ -2.437197769387331, 42.463681890034763 ] } },
{ "type": "Feature", "properties": { "ID_HDC_G0": 1770.0, "QA2_1V": 1.0, "AREA": 17.0, "GCPNT_LAT": 52.055808101899999, "GCPNT_LON": -2.718031526, "CTR_MN_NM": "United Kingdom", "XBRDR": 0.0, "UC_NM_MN": "Hereford" }, "geometry": { "type": "Point", "coordinates": [ -2.718031525998014, 52.055808101917002 ] } },
{ "type": "Feature", "properties": { "ID_HDC_G0": 1771.0, "QA2_1V": 1.0, "AREA": 169.0, "GCPNT_LAT": 51.475688089800002, "GCPNT_LON": -2.5820494492899999, "CTR_MN_NM": "United Kingdom", "XBRDR": 0.0, "UC_NM_MN": "Bristol" }, "geometry": { "type": "Point", "coordinates": [ -2.58204944928748, 51.475688089830619 ] } },
{ "type": "Feature", "properties": { "ID_HDC_G0": 1772.0, "QA2_1V": 1.0, "AREA": 56.0, "GCPNT_LAT": 53.349641427800002, "GCPNT_LON": -2.7228447179000002, "CTR_MN_NM": "United Kingdom", "XBRDR": 0.0, "UC_NM_MN": "Runcorn" }, "geometry": { "type": "Point", "coordinates": [ -2.722844717903121, 53.349641427802773 ] } },
{ "type": "Feature", "properties": { "ID_HDC_G0": 1773.0, "QA2_1V": 1.0, "AREA": 79.0, "GCPNT_LAT": 53.742637778899997, "GCPNT_LON": -2.6967518802299999, "CTR_MN_NM": "United Kingdom", "XBRDR": 0.0, "UC_NM_MN": "Preston" }, "geometry": { "type": "Point", "coordinates": [ -2.696751880232047, 53.742637778872691 ] } },
{ "type": "Feature", "properties": { "ID_HDC_G0": 1775.0, "QA2_1V": 1.0, "AREA": 56.0, "GCPNT_LAT": 53.3969627042, "GCPNT_LON": -2.58074324104, "CTR_MN_NM": "United Kingdom", "XBRDR": 0.0, "UC_NM_MN": "Warrington" }, "geometry": { "type": "Point", "coordinates": [ -2.580743241040969, 53.396962704231044 ] } },
{ "type": "Feature", "properties": { "ID_HDC_G0": 1776.0, "QA2_1V": 1.0, "AREA": 51.0, "GCPNT_LAT": 53.518223563500001, "GCPNT_LON": -2.5116138219700002, "CTR_MN_NM": "United Kingdom", "XBRDR": 0.0, "UC_NM_MN": "Atherton" }, "geometry": { "type": "Point", "coordinates": [ -2.511613821965295, 53.518223563496107 ] } },
{ "type": "Feature", "properties": { "ID_HDC_G0": 1777.0, "QA2_1V": 1.0, "AREA": 55.0, "GCPNT_LAT": 52.685704555400001, "GCPNT_LON": -2.4675354434900001, "CTR_MN_NM": "United Kingdom", "XBRDR": 0.0, "UC_NM_MN": "Telford" }, "geometry": { "type": "Point", "coordinates": [ -2.467535443485506, 52.685704555422433 ] } },
{ "type": "Feature", "properties": { "ID_HDC_G0": 1778.0, "QA2_1V": 1.0, "AREA": 45.0, "GCPNT_LAT": 53.734545022600003, "GCPNT_LON": -2.4813273360300001, "CTR_MN_NM": "United Kingdom", "XBRDR": 0.0, "UC_NM_MN": "Blackburn" }, "geometry": { "type": "Point", "coordinates": [ -2.481327336029074, 53.734545022592563 ] } },
{ "type": "Feature", "properties": { "ID_HDC_G0": 1780.0, "QA2_1V": 1.0, "AREA": 673.0, "GCPNT_LAT": 53.491961467300001, "GCPNT_LON": -2.24161975635, "CTR_MN_NM": "United Kingdom", "XBRDR": 0.0, "UC_NM_MN": "Manchester" }, "geometry": { "type": "Point", "coordinates": [ -2.241619756351637, 53.491961467256907 ] } },
{ "type": "Feature", "properties": { "ID_HDC_G0": 1781.0, "QA2_1V": 1.0, "AREA": 24.0, "GCPNT_LAT": 53.092922912200002, "GCPNT_LON": -2.4509519591400002, "CTR_MN_NM": "United Kingdom", "XBRDR": 0.0, "UC_NM_MN": "Crewe" }, "geometry": { "type": "Point", "coordinates": [ -2.450951959137506, 53.092922912164717 ] } },
{ "type": "Feature", "properties": { "ID_HDC_G0": 1782.0, "QA2_1V": 1.0, "AREA": 22.0, "GCPNT_LAT": 51.380141478600002, "GCPNT_LON": -2.3724713146099998, "CTR_MN_NM": "United Kingdom", "XBRDR": 0.0, "UC_NM_MN": "Bath" }, "geometry": { "type": "Point", "coordinates": [ -2.372471314605223, 51.38014147864353 ] } },
{ "type": "Feature", "properties": { "ID_HDC_G0": 1786.0, "QA2_1V": 1.0, "AREA": 22.0, "GCPNT_LAT": 53.7614593861, "GCPNT_LON": -2.3798132596800001, "CTR_MN_NM": "United Kingdom", "XBRDR": 0.0, "UC_NM_MN": "Rishton" }, "geometry": { "type": "Point", "coordinates": [ -2.379813259682284, 53.761459386109586 ] } },
{ "type": "Feature", "properties": { "ID_HDC_G0": 1790.0, "QA2_1V": 1.0, "AREA": 45.0, "GCPNT_LAT": 51.853041362, "GCPNT_LON": -2.2258726071399999, "CTR_MN_NM": "United Kingdom", "XBRDR": 0.0, "UC_NM_MN": "Gloucester" }, "geometry": { "type": "Point", "coordinates": [ -2.225872607142096, 51.853041361960095 ] } },
{ "type": "Feature", "properties": { "ID_HDC_G0": 1792.0, "QA2_1V": 1.0, "AREA": 29.0, "GCPNT_LAT": 53.608749195500003, "GCPNT_LON": -2.31222729533, "CTR_MN_NM": "United Kingdom", "XBRDR": 0.0, "UC_NM_MN": "Bury" }, "geometry": { "type": "Point", "coordinates": [ -2.312227295330186, 53.60874919549277 ] } },
{ "type": "Feature", "properties": { "ID_HDC_G0": 1793.0, "QA2_1V": 1.0, "AREA": 18.0, "GCPNT_LAT": 52.385993620699999, "GCPNT_LON": -2.2512182462300001, "CTR_MN_NM": "United Kingdom", "XBRDR": 0.0, "UC_NM_MN": "Kidderminster" }, "geometry": { "type": "Point", "coordinates": [ -2.251218246229758, 52.385993620661225 ] } },
{ "type": "Feature", "properties": { "ID_HDC_G0": 1794.0, "QA2_1V": 1.0, "AREA": 47.0, "GCPNT_LAT": 53.814692191900001, "GCPNT_LON": -2.230439534, "CTR_MN_NM": "United Kingdom", "XBRDR": 0.0, "UC_NM_MN": "Burnley" }, "geometry": { "type": "Point", "coordinates": [ -2.230439533997133, 53.814692191912286 ] } },
{ "type": "Feature", "properties": { "ID_HDC_G0": 1795.0, "QA2_1V": 1.0, "AREA": 118.0, "GCPNT_LAT": 53.014937124299998, "GCPNT_LON": -2.1804972085999998, "CTR_MN_NM": "United Kingdom", "XBRDR": 0.0, "UC_NM_MN": "Stoke-on-Trent" }, "geometry": { "type": "Point", "coordinates": [ -2.180497208600477, 53.014937124313668 ] } },
{ "type": "Feature", "properties": { "ID_HDC_G0": 1796.0, "QA2_1V": 1.0, "AREA": 30.0, "GCPNT_LAT": 52.1953764935, "GCPNT_LON": -2.2149948941600002, "CTR_MN_NM": "United Kingdom", "XBRDR": 0.0, "UC_NM_MN": "Worcester" }, "geometry": { "type": "Point", "coordinates": [ -2.214994894162914, 52.195376493507283 ] } },
{ "type": "Feature", "properties": { "ID_HDC_G0": 1797.0, "QA2_1V": 1.0, "AREA": 46.0, "GCPNT_LAT": 43.308420281099998, "GCPNT_LON": -1.9561713814799999, "CTR_MN_NM": "Spain", "XBRDR": 0.0, "UC_NM_MN": "Donostia / San Sebastián" }, "geometry": { "type": "Point", "coordinates": [ -1.956171381479976, 43.308420281114536 ] } },
{ "type": "Feature", "properties": { "ID_HDC_G0": 1800.0, "QA2_1V": 1.0, "AREA": 668.0, "GCPNT_LAT": 52.512138118899998, "GCPNT_LON": -1.9654903689499998, "CTR_MN_NM": "United Kingdom", "XBRDR": 0.0, "UC_NM_MN": "Birmingham" }, "geometry": { "type": "Point", "coordinates": [ -1.965490368949039, 52.512138118932263 ] } },
{ "type": "Feature", "properties": { "ID_HDC_G0": 1801.0, "QA2_1V": 1.0, "AREA": 19.0, "GCPNT_LAT": 39.000196386, "GCPNT_LON": -1.8630898347799998, "CTR_MN_NM": "Spain", "XBRDR": 0.0, "UC_NM_MN": "Albacete" }, "geometry": { "type": "Point", "coordinates": [ -1.863089834781306, 39.000196385998265 ] } },
{ "type": "Feature", "properties": { "ID_HDC_G0": 1803.0, "QA2_1V": 1.0, "AREA": 29.0, "GCPNT_LAT": 51.898145172500001, "GCPNT_LON": -2.08149387977, "CTR_MN_NM": "United Kingdom", "XBRDR": 0.0, "UC_NM_MN": "Cheltenham" }, "geometry": { "type": "Point", "coordinates": [ -2.081493879766805, 51.898145172485805 ] } },
{ "type": "Feature", "properties": { "ID_HDC_G0": 1805.0, "QA2_1V": 1.0, "AREA": 26.0, "GCPNT_LAT": 52.802244543999997, "GCPNT_LON": -2.1114241248600001, "CTR_MN_NM": "United Kingdom", "XBRDR": 0.0, "UC_NM_MN": "Stafford" }, "geometry": { "type": "Point", "coordinates": [ -2.111424124861879, 52.802244543992607 ] } },
{ "type": "Feature", "properties": { "ID_HDC_G0": 1806.0, "QA2_1V": 1.0, "AREA": 124.0, "GCPNT_LAT": 50.732775671100001, "GCPNT_LON": -1.92176667206, "CTR_MN_NM": "United Kingdom", "XBRDR": 0.0, "UC_NM_MN": "Bournemouth" }, "geometry": { "type": "Point", "coordinates": [ -1.921766672061979, 50.732775671086735 ] } },
{ "type": "Feature", "properties": { "ID_HDC_G0": 1808.0, "QA2_1V": 1.0, "AREA": 24.0, "GCPNT_LAT": 43.352984896300001, "GCPNT_LON": -1.7888475289099999, "CTR_MN_NM": "Spain", "XBRDR": 1.0, "UC_NM_MN": "Irun" }, "geometry": { "type": "Point", "coordinates": [ -1.788847528907575, 43.352984896254142 ] } },
{ "type": "Feature", "properties": { "ID_HDC_G0": 1809.0, "QA2_1V": 1.0, "AREA": 57.0, "GCPNT_LAT": 57.152641515299997, "GCPNT_LON": -2.1231568028300001, "CTR_MN_NM": "United Kingdom", "XBRDR": 0.0, "UC_NM_MN": "Aberdeen" }, "geometry": { "type": "Point", "coordinates": [ -2.123156802827952, 57.15264151526187 ] } },
{ "type": "Feature", "properties": { "ID_HDC_G0": 1810.0, "QA2_1V": 1.0, "AREA": 32.0, "GCPNT_LAT": 52.690843990399998, "GCPNT_LON": -2.01420834941, "CTR_MN_NM": "United Kingdom", "XBRDR": 0.0, "UC_NM_MN": "Great Wyrley" }, "geometry": { "type": "Point", "coordinates": [ -2.014208349408803, 52.690843990407586 ] } },
{ "type": "Feature", "properties": { "ID_HDC_G0": 1811.0, "QA2_1V": 1.0, "AREA": 26.0, "GCPNT_LAT": 52.298801984100002, "GCPNT_LON": -1.9312608633699999, "CTR_MN_NM": "United Kingdom", "XBRDR": 0.0, "UC_NM_MN": "Redditch" }, "geometry": { "type": "Point", "coordinates": [ -1.931260863374001, 52.29880198409893 ] } },
{ "type": "Feature", "properties": { "ID_HDC_G0": 1813.0, "QA2_1V": 1.0, "AREA": 18.0, "GCPNT_LAT": 53.861075698199997, "GCPNT_LON": -1.92120433363, "CTR_MN_NM": "United Kingdom", "XBRDR": 0.0, "UC_NM_MN": "Keighley" }, "geometry": { "type": "Point", "coordinates": [ -1.921204333634929, 53.861075698235624 ] } },
{ "type": "Feature", "properties": { "ID_HDC_G0": 1814.0, "QA2_1V": 1.0, "AREA": 54.0, "GCPNT_LAT": 42.815015842199998, "GCPNT_LON": -1.6467762125399998, "CTR_MN_NM": "Spain", "XBRDR": 0.0, "UC_NM_MN": "Pamplona" }, "geometry": { "type": "Point", "coordinates": [ -1.646776212538107, 42.815015842239077 ] } },
{ "type": "Feature", "properties": { "ID_HDC_G0": 1815.0, "QA2_1V": 1.0, "AREA": 113.0, "GCPNT_LAT": 53.6793070019, "GCPNT_LON": -1.8264494006100001, "CTR_MN_NM": "United Kingdom", "XBRDR": 0.0, "UC_NM_MN": "Huddersfield" }, "geometry": { "type": "Point", "coordinates": [ -1.826449400609394, 53.679307001914033 ] } },
{ "type": "Feature", "properties": { "ID_HDC_G0": 1816.0, "QA2_1V": 1.0, "AREA": 54.0, "GCPNT_LAT": 51.572234450899998, "GCPNT_LON": -1.7853327178399998, "CTR_MN_NM": "United Kingdom", "XBRDR": 0.0, "UC_NM_MN": "Swindon" }, "geometry": { "type": "Point", "coordinates": [ -1.785332717841006, 51.572234450922984 ] } },
{ "type": "Feature", "properties": { "ID_HDC_G0": 1818.0, "QA2_1V": 1.0, "AREA": 65.0, "GCPNT_LAT": 48.112551583299997, "GCPNT_LON": -1.6634332159, "CTR_MN_NM": "France", "XBRDR": 0.0, "UC_NM_MN": "Rennes" }, "geometry": { "type": "Point", "coordinates": [ -1.663433215900528, 48.112551583260377 ] } },
{ "type": "Feature", "properties": { "ID_HDC_G0": 1819.0, "QA2_1V": 1.0, "AREA": 472.0, "GCPNT_LAT": 53.767343225200001, "GCPNT_LON": -1.62223495919, "CTR_MN_NM": "United Kingdom", "XBRDR": 0.0, "UC_NM_MN": "Leeds" }, "geometry": { "type": "Point", "coordinates": [ -1.622234959190237, 53.767343225223385 ] } },
{ "type": "Feature", "properties": { "ID_HDC_G0": 1821.0, "QA2_1V": 1.0, "AREA": 144.0, "GCPNT_LAT": 47.222054147900003, "GCPNT_LON": -1.5536557409, "CTR_MN_NM": "France", "XBRDR": 0.0, "UC_NM_MN": "Nantes" }, "geometry": { "type": "Point", "coordinates": [ -1.553655740898278, 47.222054147856639 ] } },
{ "type": "Feature", "properties": { "ID_HDC_G0": 1823.0, "QA2_1V": 1.0, "AREA": 52.0, "GCPNT_LAT": 49.648523186699997, "GCPNT_LON": -1.6149636264399998, "CTR_MN_NM": "France", "XBRDR": 0.0, "UC_NM_MN": "Cherbourg" }, "geometry": { "type": "Point", "coordinates": [ -1.614963626444791, 49.648523186670069 ] } },
{ "type": "Feature", "properties": { "ID_HDC_G0": 1824.0, "QA2_1V": 1.0, "AREA": 38.0, "GCPNT_LAT": 43.487295236999998, "GCPNT_LON": -1.5087094785599999, "CTR_MN_NM": "France", "XBRDR": 0.0, "UC_NM_MN": "Anglet" }, "geometry": { "type": "Point", "coordinates": [ -1.508709478563002, 43.487295236977488 ] } },
{ "type": "Feature", "properties": { "ID_HDC_G0": 1828.0, "QA2_1V": 1.0, "AREA": 24.0, "GCPNT_LAT": 52.622253322799999, "GCPNT_LON": -1.68223705175, "CTR_MN_NM": "United Kingdom", "XBRDR": 0.0, "UC_NM_MN": "Fazeley" }, "geometry": { "type": "Point", "coordinates": [ -1.682237051754005, 52.622253322755618 ] } },
{ "type": "Feature", "properties": { "ID_HDC_G0": 1830.0, "QA2_1V": 1.0, "AREA": 241.0, "GCPNT_LAT": 54.9853223394, "GCPNT_LON": -1.5595333437000001, "CTR_MN_NM": "United Kingdom", "XBRDR": 0.0, "UC_NM_MN": "Newcastle upon Tyne" }, "geometry": { "type": "Point", "coordinates": [ -1.559533343697029, 54.985322339447578 ] } },
{ "type": "Feature", "properties": { "ID_HDC_G0": 1831.0, "QA2_1V": 1.0, "AREA": 24.0, "GCPNT_LAT": 52.808505669, "GCPNT_LON": -1.6281315038599999, "CTR_MN_NM": "United Kingdom", "XBRDR": 0.0, "UC_NM_MN": "Burton-on-Trent" }, "geometry": { "type": "Point", "coordinates": [ -1.628131503857524, 52.808505668994258 ] } },
{ "type": "Feature", "properties": { "ID_HDC_G0": 1833.0, "QA2_1V": 1.0, "AREA": 28.0, "GCPNT_LAT": 52.286618360799999, "GCPNT_LON": -1.5439871706399999, "CTR_MN_NM": "United Kingdom", "XBRDR": 0.0, "UC_NM_MN": "Warwick" }, "geometry": { "type": "Point", "coordinates": [ -1.543987170637333, 52.286618360759867 ] } },
{ "type": "Feature", "properties": { "ID_HDC_G0": 1834.0, "QA2_1V": 1.0, "AREA": 126.0, "GCPNT_LAT": 52.444715371299999, "GCPNT_LON": -1.4997388439299999, "CTR_MN_NM": "United Kingdom", "XBRDR": 0.0, "UC_NM_MN": "Coventry" }, "geometry": { "type": "Point", "coordinates": [ -1.499738843934503, 52.444715371346426 ] } },
{ "type": "Feature", "properties": { "ID_HDC_G0": 1835.0, "QA2_1V": 1.0, "AREA": 114.0, "GCPNT_LAT": 50.908199718500001, "GCPNT_LON": -1.4004126650499999, "CTR_MN_NM": "United Kingdom", "XBRDR": 0.0, "UC_NM_MN": "Southampton" }, "geometry": { "type": "Point", "coordinates": [ -1.400412665051733, 50.908199718541567 ] } },
{ "type": "Feature", "properties": { "ID_HDC_G0": 1836.0, "QA2_1V": 1.0, "AREA": 35.0, "GCPNT_LAT": 54.890297236400002, "GCPNT_LON": -1.54369155905, "CTR_MN_NM": "United Kingdom", "XBRDR": 0.0, "UC_NM_MN": "Birtley" }, "geometry": { "type": "Point", "coordinates": [ -1.543691559051136, 54.890297236356915 ] } },
{ "type": "Feature", "properties": { "ID_HDC_G0": 1837.0, "QA2_1V": 1.0, "AREA": 26.0, "GCPNT_LAT": 54.5310601228, "GCPNT_LON": -1.5504123247899999, "CTR_MN_NM": "United Kingdom", "XBRDR": 0.0, "UC_NM_MN": "Darlington" }, "geometry": { "type": "Point", "coordinates": [ -1.550412324790481, 54.53106012276595 ] } },
{ "type": "Feature", "properties": { "ID_HDC_G0": 1838.0, "QA2_1V": 1.0, "AREA": 247.0, "GCPNT_LAT": 53.388841004699998, "GCPNT_LON": -1.4178903868799999, "CTR_MN_NM": "United Kingdom", "XBRDR": 0.0, "UC_NM_MN": "Sheffield" }, "geometry": { "type": "Point", "coordinates": [ -1.417890386880248, 53.388841004741209 ] } },
{ "type": "Feature", "properties": { "ID_HDC_G0": 1839.0, "QA2_1V": 1.0, "AREA": 83.0, "GCPNT_LAT": 52.912916150599997, "GCPNT_LON": -1.4678582541, "CTR_MN_NM": "United Kingdom", "XBRDR": 0.0, "UC_NM_MN": "Derby" }, "geometry": { "type": "Point", "coordinates": [ -1.467858254101057, 52.912916150565017 ] } },
{ "type": "Feature", "properties": { "ID_HDC_G0": 1840.0, "QA2_1V": 1.0, "AREA": 20.0, "GCPNT_LAT": 53.993119179499999, "GCPNT_LON": -1.5357190542699999, "CTR_MN_NM": "United Kingdom", "XBRDR": 0.0, "UC_NM_MN": "Harrogate" }, "geometry": { "type": "Point", "coordinates": [ -1.535719054270757, 53.993119179529245 ] } },
{ "type": "Feature", "properties": { "ID_HDC_G0": 1841.0, "QA2_1V": 1.0, "AREA": 51.0, "GCPNT_LAT": 53.566020006899997, "GCPNT_LON": -1.47845270486, "CTR_MN_NM": "United Kingdom", "XBRDR": 0.0, "UC_NM_MN": "Cudworth" }, "geometry": { "type": "Point", "coordinates": [ -1.478452704860228, 53.566020006915217 ] } },
{ "type": "Feature", "properties": { "ID_HDC_G0": 1845.0, "QA2_1V": 1.0, "AREA": 25.0, "GCPNT_LAT": 53.243445499800004, "GCPNT_LON": -1.4384898287899999, "CTR_MN_NM": "United Kingdom", "XBRDR": 0.0, "UC_NM_MN": "Chesterfield" }, "geometry": { "type": "Point", "coordinates": [ -1.438489828786782, 53.243445499759773 ] } },
{ "type": "Feature", "properties": { "ID_HDC_G0": 1846.0, "QA2_1V": 1.0, "AREA": 142.0, "GCPNT_LAT": 37.991541821600002, "GCPNT_LON": -1.1299579103099999, "CTR_MN_NM": "Spain", "XBRDR": 0.0, "UC_NM_MN": "Murcia" }, "geometry": { "type": "Point", "coordinates": [ -1.129957910311161, 37.991541821578615 ] } },
{ "type": "Feature", "properties": { "ID_HDC_G0": 1847.0, "QA2_1V": 1.0, "AREA": 40.0, "GCPNT_LAT": 53.506682146400003, "GCPNT_LON": -1.3556842412500001, "CTR_MN_NM": "United Kingdom", "XBRDR": 0.0, "UC_NM_MN": "Wath upon Dearne" }, "geometry": { "type": "Point", "coordinates": [ -1.355684241251996, 53.506682146404529 ] } },
{ "type": "Feature", "properties": { "ID_HDC_G0": 1848.0, "QA2_1V": 1.0, "AREA": 28.0, "GCPNT_LAT": 50.972829732800001, "GCPNT_LON": -1.358055668, "CTR_MN_NM": "United Kingdom", "XBRDR": 0.0, "UC_NM_MN": "Eastleigh" }, "geometry": { "type": "Point", "coordinates": [ -1.358055668002384, 50.972829732799994 ] } },
{ "type": "Feature", "properties": { "ID_HDC_G0": 1849.0, "QA2_1V": 1.0, "AREA": 59.0, "GCPNT_LAT": 54.901194113899997, "GCPNT_LON": -1.4053621380300001, "CTR_MN_NM": "United Kingdom", "XBRDR": 0.0, "UC_NM_MN": "Sunderland" }, "geometry": { "type": "Point", "coordinates": [ -1.405362138033356, 54.901194113909661 ] } },
{ "type": "Feature", "properties": { "ID_HDC_G0": 1851.0, "QA2_1V": 1.0, "AREA": 39.0, "GCPNT_LAT": 53.710968586600004, "GCPNT_LON": -1.3529804542299999, "CTR_MN_NM": "United Kingdom", "XBRDR": 0.0, "UC_NM_MN": "Pontefract" }, "geometry": { "type": "Point", "coordinates": [ -1.352980454228535, 53.710968586640938 ] } },
{ "type": "Feature", "properties": { "ID_HDC_G0": 1855.0, "QA2_1V": 1.0, "AREA": 49.0, "GCPNT_LAT": 46.159919716600001, "GCPNT_LON": -1.1583986905, "CTR_MN_NM": "France", "XBRDR": 0.0, "UC_NM_MN": "La Rochelle" }, "geometry": { "type": "Point", "coordinates": [ -1.158398690500785, 46.159919716562847 ] } },
{ "type": "Feature", "properties": { "ID_HDC_G0": 1856.0, "QA2_1V": 1.0, "AREA": 169.0, "GCPNT_LAT": 54.574454755700003, "GCPNT_LON": -1.2306774091799999, "CTR_MN_NM": "United Kingdom", "XBRDR": 0.0, "UC_NM_MN": "Middlesbrough" }, "geometry": { "type": "Point", "coordinates": [ -1.230677409179827, 54.574454755657896 ] } },
{ "type": "Feature", "properties": { "ID_HDC_G0": 1857.0, "QA2_1V": 1.0, "AREA": 170.0, "GCPNT_LAT": 52.953864326000001, "GCPNT_LON": -1.1844201731299999, "CTR_MN_NM": "United Kingdom", "XBRDR": 0.0, "UC_NM_MN": "Nottingham" }, "geometry": { "type": "Point", "coordinates": [ -1.184420173127241, 52.953864326045746 ] } },
{ "type": "Feature", "properties": { "ID_HDC_G0": 1858.0, "QA2_1V": 1.0, "AREA": 46.0, "GCPNT_LAT": 51.750361809300003, "GCPNT_LON": -1.2382638619099999, "CTR_MN_NM": "United Kingdom", "XBRDR": 0.0, "UC_NM_MN": "Oxford" }, "geometry": { "type": "Point", "coordinates": [ -1.238263861913473, 51.750361809302007 ] } },
{ "type": "Feature", "properties": { "ID_HDC_G0": 1859.0, "QA2_1V": 1.0, "AREA": 25.0, "GCPNT_LAT": 52.37217346, "GCPNT_LON": -1.26390353911, "CTR_MN_NM": "United Kingdom", "XBRDR": 0.0, "UC_NM_MN": "Rugby" }, "geometry": { "type": "Point", "coordinates": [ -1.263903539105738, 52.372173459978633 ] } },
{ "type": "Feature", "properties": { "ID_HDC_G0": 1860.0, "QA2_1V": 1.0, "AREA": 60.0, "GCPNT_LAT": 53.1330738057, "GCPNT_LON": -1.22608606189, "CTR_MN_NM": "United Kingdom", "XBRDR": 0.0, "UC_NM_MN": "Mansfield" }, "geometry": { "type": "Point", "coordinates": [ -1.226086061891806, 53.133073805688731 ] } },
{ "type": "Feature", "properties": { "ID_HDC_G0": 1861.0, "QA2_1V": 1.0, "AREA": 166.0, "GCPNT_LAT": 50.833500472200001, "GCPNT_LON": -1.09938006637, "CTR_MN_NM": "United Kingdom", "XBRDR": 0.0, "UC_NM_MN": "Portsmouth" }, "geometry": { "type": "Point", "coordinates": [ -1.099380066369695, 50.83350047218056 ] } },
{ "type": "Feature", "properties": { "ID_HDC_G0": 1862.0, "QA2_1V": 1.0, "AREA": 15.0, "GCPNT_LAT": 52.767814271, "GCPNT_LON": -1.21795738121, "CTR_MN_NM": "United Kingdom", "XBRDR": 0.0, "UC_NM_MN": "Loughborough" }, "geometry": { "type": "Point", "coordinates": [ -1.217957381206531, 52.767814270995153 ] } },
{ "type": "Feature", "properties": { "ID_HDC_G0": 1863.0, "QA2_1V": 1.0, "AREA": 29.0, "GCPNT_LAT": 37.618437044099998, "GCPNT_LON": -0.99187671138900002, "CTR_MN_NM": "Spain", "XBRDR": 0.0, "UC_NM_MN": "Cartagena" }, "geometry": { "type": "Point", "coordinates": [ -0.991876711388559, 37.618437044121087 ] } },
{ "type": "Feature", "properties": { "ID_HDC_G0": 1864.0, "QA2_1V": 1.0, "AREA": 122.0, "GCPNT_LAT": 52.6282887152, "GCPNT_LON": -1.1300935320400001, "CTR_MN_NM": "United Kingdom", "XBRDR": 0.0, "UC_NM_MN": "Leicester" }, "geometry": { "type": "Point", "coordinates": [ -1.130093532042239, 52.628288715190465 ] } },
{ "type": "Feature", "properties": { "ID_HDC_G0": 1865.0, "QA2_1V": 1.0, "AREA": 36.0, "GCPNT_LAT": 54.6807568674, "GCPNT_LON": -1.21529947094, "CTR_MN_NM": "United Kingdom", "XBRDR": 0.0, "UC_NM_MN": "Hartlepool" }, "geometry": { "type": "Point", "coordinates": [ -1.215299470944057, 54.68075686744676 ] } },
{ "type": "Feature", "properties": { "ID_HDC_G0": 1867.0, "QA2_1V": 1.0, "AREA": 48.0, "GCPNT_LAT": 53.527400680100001, "GCPNT_LON": -1.1272089969699999, "CTR_MN_NM": "United Kingdom", "XBRDR": 0.0, "UC_NM_MN": "Doncaster" }, "geometry": { "type": "Point", "coordinates": [ -1.12720899696743, 53.527400680061739 ] } },
{ "type": "Feature", "properties": { "ID_HDC_G0": 1869.0, "QA2_1V": 1.0, "AREA": 31.0, "GCPNT_LAT": 51.262941824000002, "GCPNT_LON": -1.10059109561, "CTR_MN_NM": "United Kingdom", "XBRDR": 0.0, "UC_NM_MN": "Basingstoke" }, "geometry": { "type": "Point", "coordinates": [ -1.100591095605625, 51.262941824027379 ] } },
{ "type": "Feature", "properties": { "ID_HDC_G0": 1871.0, "QA2_1V": 1.0, "AREA": 106.0, "GCPNT_LAT": 41.652806596799998, "GCPNT_LON": -0.89180396860799993, "CTR_MN_NM": "Spain", "XBRDR": 0.0, "UC_NM_MN": "Zaragoza" }, "geometry": { "type": "Point", "coordinates": [ -0.891803968608139, 41.652806596756299 ] } },
{ "type": "Feature", "properties": { "ID_HDC_G0": 1874.0, "QA2_1V": 1.0, "AREA": 40.0, "GCPNT_LAT": 53.962286197300003, "GCPNT_LON": -1.0869434894600001, "CTR_MN_NM": "United Kingdom", "XBRDR": 0.0, "UC_NM_MN": "York" }, "geometry": { "type": "Point", "coordinates": [ -1.086943489462619, 53.962286197331153 ] } },
{ "type": "Feature", "properties": { "ID_HDC_G0": 1877.0, "QA2_1V": 1.0, "AREA": 73.0, "GCPNT_LAT": 51.449837776400003, "GCPNT_LON": -0.97177913070499999, "CTR_MN_NM": "United Kingdom", "XBRDR": 0.0, "UC_NM_MN": "Reading" }, "geometry": { "type": "Point", "coordinates": [ -0.97177913070534, 51.449837776446749 ] } },
{ "type": "Feature", "properties": { "ID_HDC_G0": 1880.0, "QA2_1V": 1.0, "AREA": 65.0, "GCPNT_LAT": 52.245395545299999, "GCPNT_LON": -0.88214498462899993, "CTR_MN_NM": "United Kingdom", "XBRDR": 0.0, "UC_NM_MN": "Northampton" }, "geometry": { "type": "Point", "coordinates": [ -0.882144984629151, 52.245395545254816 ] } },
{ "type": "Feature", "properties": { "ID_HDC_G0": 1881.0, "QA2_1V": 1.0, "AREA": 18.0, "GCPNT_LAT": 38.471399236400003, "GCPNT_LON": -0.79178180072100002, "CTR_MN_NM": "Spain", "XBRDR": 0.0, "UC_NM_MN": "Elda" }, "geometry": { "type": "Point", "coordinates": [ -0.791781800720597, 38.471399236391832 ] } },
{ "type": "Feature", "properties": { "ID_HDC_G0": 1885.0, "QA2_1V": 1.0, "AREA": 36.0, "GCPNT_LAT": 38.263471196700003, "GCPNT_LON": -0.70340237686099993, "CTR_MN_NM": "Spain", "XBRDR": 0.0, "UC_NM_MN": "Elx / Elche" }, "geometry": { "type": "Point", "coordinates": [ -0.703402376861478, 38.263471196663026 ] } },
{ "type": "Feature", "properties": { "ID_HDC_G0": 1887.0, "QA2_1V": 1.0, "AREA": 74.0, "GCPNT_LAT": 52.0351931812, "GCPNT_LON": -0.76807301269200001, "CTR_MN_NM": "United Kingdom", "XBRDR": 0.0, "UC_NM_MN": "Milton Keynes" }, "geometry": { "type": "Point", "coordinates": [ -0.768073012691789, 52.035193181238547 ] } },
{ "type": "Feature", "properties": { "ID_HDC_G0": 1888.0, "QA2_1V": 1.0, "AREA": 54.0, "GCPNT_LAT": 37.975762025000002, "GCPNT_LON": -0.69567556550199994, "CTR_MN_NM": "Spain", "XBRDR": 0.0, "UC_NM_MN": "Torrevieja" }, "geometry": { "type": "Point", "coordinates": [ -0.695675565502408, 37.975762025039685 ] } },
{ "type": "Feature", "properties": { "ID_HDC_G0": 1889.0, "QA2_1V": 1.0, "AREA": 19.0, "GCPNT_LAT": 51.813866802100002, "GCPNT_LON": -0.81024623493699999, "CTR_MN_NM": "United Kingdom", "XBRDR": 0.0, "UC_NM_MN": "Aylesbury" }, "geometry": { "type": "Point", "coordinates": [ -0.810246234936652, 51.813866802122213 ] } },
{ "type": "Feature", "properties": { "ID_HDC_G0": 1891.0, "QA2_1V": 1.0, "AREA": 91.0, "GCPNT_LAT": 51.2918948943, "GCPNT_LON": -0.762720591231, "CTR_MN_NM": "United Kingdom", "XBRDR": 0.0, "UC_NM_MN": "Blackwater" }, "geometry": { "type": "Point", "coordinates": [ -0.762720591231271, 51.291894894323541 ] } },
{ "type": "Feature", "properties": { "ID_HDC_G0": 1892.0, "QA2_1V": 1.0, "AREA": 39.0, "GCPNT_LAT": 51.630795018699999, "GCPNT_LON": -0.73283079115700001, "CTR_MN_NM": "United Kingdom", "XBRDR": 0.0, "UC_NM_MN": "High Wycombe" }, "geometry": { "type": "Point", "coordinates": [ -0.732830791156522, 51.630795018671527 ] } },
{ "type": "Feature", "properties": { "ID_HDC_G0": 1893.0, "QA2_1V": 1.0, "AREA": 20.0, "GCPNT_LAT": 51.408841370899999, "GCPNT_LON": -0.75167180487499996, "CTR_MN_NM": "United Kingdom", "XBRDR": 0.0, "UC_NM_MN": "Bracknell" }, "geometry": { "type": "Point", "coordinates": [ -0.751671804875065, 51.408841370935576 ] } },
{ "type": "Feature", "properties": { "ID_HDC_G0": 1895.0, "QA2_1V": 1.0, "AREA": 18.0, "GCPNT_LAT": 51.522291872899999, "GCPNT_LON": -0.73361853956799994, "CTR_MN_NM": "United Kingdom", "XBRDR": 0.0, "UC_NM_MN": "Maidenhead" }, "geometry": { "type": "Point", "coordinates": [ -0.733618539568326, 51.522291872852925 ] } },
{ "type": "Feature", "properties": { "ID_HDC_G0": 1896.0, "QA2_1V": 1.0, "AREA": 28.0, "GCPNT_LAT": 50.784998209199998, "GCPNT_LON": -0.67753868552099994, "CTR_MN_NM": "United Kingdom", "XBRDR": 0.0, "UC_NM_MN": "Bognor Regis" }, "geometry": { "type": "Point", "coordinates": [ -0.677538685520549, 50.78499820921261 ] } },
{ "type": "Feature", "properties": { "ID_HDC_G0": 1897.0, "QA2_1V": 1.0, "AREA": 194.0, "GCPNT_LAT": 44.837135819300002, "GCPNT_LON": -0.59545080673100004, "CTR_MN_NM": "France", "XBRDR": 0.0, "UC_NM_MN": "Bordeaux" }, "geometry": { "type": "Point", "coordinates": [ -0.595450806731124, 44.837135819273797 ] } },
{ "type": "Feature", "properties": { "ID_HDC_G0": 1899.0, "QA2_1V": 1.0, "AREA": 17.0, "GCPNT_LAT": 52.396013372600002, "GCPNT_LON": -0.71647424102199997, "CTR_MN_NM": "United Kingdom", "XBRDR": 0.0, "UC_NM_MN": "Kettering" }, "geometry": { "type": "Point", "coordinates": [ -0.716474241022254, 52.396013372600507 ] } },
{ "type": "Feature", "properties": { "ID_HDC_G0": 1900.0, "QA2_1V": 1.0, "AREA": 25.0, "GCPNT_LAT": 52.490961991600003, "GCPNT_LON": -0.69520384118299994, "CTR_MN_NM": "United Kingdom", "XBRDR": 0.0, "UC_NM_MN": "Corby" }, "geometry": { "type": "Point", "coordinates": [ -0.695203841183184, 52.490961991622832 ] } },
{ "type": "Feature", "properties": { "ID_HDC_G0": 1905.0, "QA2_1V": 1.0, "AREA": 39.0, "GCPNT_LAT": 53.582821661399997, "GCPNT_LON": -0.64461593577499998, "CTR_MN_NM": "United Kingdom", "XBRDR": 0.0, "UC_NM_MN": "Scunthorpe" }, "geometry": { "type": "Point", "coordinates": [ -0.644615935775134, 53.582821661430643 ] } },
{ "type": "Feature", "properties": { "ID_HDC_G0": 1906.0, "QA2_1V": 1.0, "AREA": 36.0, "GCPNT_LAT": 51.515580698100003, "GCPNT_LON": -0.59750051655999992, "CTR_MN_NM": "United Kingdom", "XBRDR": 0.0, "UC_NM_MN": "Slough" }, "geometry": { "type": "Point", "coordinates": [ -0.597500516560344, 51.515580698141953 ] } },
{ "type": "Feature", "properties": { "ID_HDC_G0": 1907.0, "QA2_1V": 1.0, "AREA": 71.0, "GCPNT_LAT": 47.464156085299997, "GCPNT_LON": -0.54484413695599998, "CTR_MN_NM": "France", "XBRDR": 0.0, "UC_NM_MN": "Angers" }, "geometry": { "type": "Point", "coordinates": [ -0.544844136956251, 47.464156085299294 ] } },
{ "type": "Feature", "properties": { "ID_HDC_G0": 1908.0, "QA2_1V": 1.0, "AREA": 128.0, "GCPNT_LAT": 38.377161778800001, "GCPNT_LON": -0.47348499119600002, "CTR_MN_NM": "Spain", "XBRDR": 0.0, "UC_NM_MN": "Alacant / Alicante" }, "geometry": { "type": "Point", "coordinates": [ -0.473484991195844, 38.377161778848624 ] } },
{ "type": "Feature", "properties": { "ID_HDC_G0": 1911.0, "QA2_1V": 1.0, "AREA": 333.0, "GCPNT_LAT": 39.480431520700002, "GCPNT_LON": -0.407237736909, "CTR_MN_NM": "Spain", "XBRDR": 0.0, "UC_NM_MN": "Valencia" }, "geometry": { "type": "Point", "coordinates": [ -0.407237736908515, 39.480431520721389 ] } },
{ "type": "Feature", "properties": { "ID_HDC_G0": 1912.0, "QA2_1V": 1.0, "AREA": 1864.0, "GCPNT_LAT": 51.493579814100002, "GCPNT_LON": -0.12989187748799999, "CTR_MN_NM": "United Kingdom", "XBRDR": 0.0, "UC_NM_MN": "London" }, "geometry": { "type": "Point", "coordinates": [ -0.12989187748788, 51.493579814072163 ] } },
{ "type": "Feature", "properties": { "ID_HDC_G0": 1914.0, "QA2_1V": 1.0, "AREA": 21.0, "GCPNT_LAT": 51.248157879700003, "GCPNT_LON": -0.57264537906500002, "CTR_MN_NM": "United Kingdom", "XBRDR": 0.0, "UC_NM_MN": "Guildford" }, "geometry": { "type": "Point", "coordinates": [ -0.572645379064779, 51.248157879734286 ] } },
{ "type": "Feature", "properties": { "ID_HDC_G0": 1915.0, "QA2_1V": 1.0, "AREA": 38.0, "GCPNT_LAT": 53.2154202153, "GCPNT_LON": -0.56118546069300002, "CTR_MN_NM": "United Kingdom", "XBRDR": 0.0, "UC_NM_MN": "Lincoln" }, "geometry": { "type": "Point", "coordinates": [ -0.561185460693152, 53.215420215302458 ] } },
{ "type": "Feature", "properties": { "ID_HDC_G0": 1919.0, "QA2_1V": 1.0, "AREA": 20.0, "GCPNT_LAT": 50.815471837399997, "GCPNT_LON": -0.510356905827, "CTR_MN_NM": "United Kingdom", "XBRDR": 0.0, "UC_NM_MN": "Littlehampton" }, "geometry": { "type": "Point", "coordinates": [ -0.510356905827173, 50.815471837432639 ] } },
{ "type": "Feature", "properties": { "ID_HDC_G0": 1920.0, "QA2_1V": 1.0, "AREA": 60.0, "GCPNT_LAT": 51.8967635144, "GCPNT_LON": -0.45439677879899998, "CTR_MN_NM": "United Kingdom", "XBRDR": 0.0, "UC_NM_MN": "Luton" }, "geometry": { "type": "Point", "coordinates": [ -0.454396778798891, 51.896763514392397 ] } },
{ "type": "Feature", "properties": { "ID_HDC_G0": 1923.0, "QA2_1V": 1.0, "AREA": 30.0, "GCPNT_LAT": 52.135789368600001, "GCPNT_LON": -0.45976949670200001, "CTR_MN_NM": "United Kingdom", "XBRDR": 0.0, "UC_NM_MN": "Bedford" }, "geometry": { "type": "Point", "coordinates": [ -0.45976949670232, 52.135789368613082 ] } },
{ "type": "Feature", "properties": { "ID_HDC_G0": 1924.0, "QA2_1V": 1.0, "AREA": 24.0, "GCPNT_LAT": 51.758220122399997, "GCPNT_LON": -0.46394878215800001, "CTR_MN_NM": "United Kingdom", "XBRDR": 0.0, "UC_NM_MN": "Hemel Hempstead" }, "geometry": { "type": "Point", "coordinates": [ -0.463948782158162, 51.758220122420063 ] } },
{ "type": "Feature", "properties": { "ID_HDC_G0": 1927.0, "QA2_1V": 1.0, "AREA": 41.0, "GCPNT_LAT": 43.305794590399998, "GCPNT_LON": -0.369386586061, "CTR_MN_NM": "France", "XBRDR": 0.0, "UC_NM_MN": "Pau" }, "geometry": { "type": "Point", "coordinates": [ -0.369386586061384, 43.305794590393873 ] } },
{ "type": "Feature", "properties": { "ID_HDC_G0": 1929.0, "QA2_1V": 1.0, "AREA": 108.0, "GCPNT_LAT": 50.831596234899997, "GCPNT_LON": -0.254052471359, "CTR_MN_NM": "United Kingdom", "XBRDR": 0.0, "UC_NM_MN": "Brighton" }, "geometry": { "type": "Point", "coordinates": [ -0.254052471358914, 50.831596234865998 ] } },
{ "type": "Feature", "properties": { "ID_HDC_G0": 1930.0, "QA2_1V": 1.0, "AREA": 102.0, "GCPNT_LAT": 53.7584664436, "GCPNT_LON": -0.35264372660299997, "CTR_MN_NM": "United Kingdom", "XBRDR": 0.0, "UC_NM_MN": "Hull" }, "geometry": { "type": "Point", "coordinates": [ -0.352643726603002, 53.75846644361414 ] } },
{ "type": "Feature", "properties": { "ID_HDC_G0": 1931.0, "QA2_1V": 1.0, "AREA": 68.0, "GCPNT_LAT": 49.186337020499998, "GCPNT_LON": -0.34379050548399998, "CTR_MN_NM": "France", "XBRDR": 0.0, "UC_NM_MN": "Caen" }, "geometry": { "type": "Point", "coordinates": [ -0.343790505484397, 49.186337020541814 ] } },
{ "type": "Feature", "properties": { "ID_HDC_G0": 1936.0, "QA2_1V": 1.0, "AREA": 27.0, "GCPNT_LAT": 51.744772422499999, "GCPNT_LON": -0.32432287044300001, "CTR_MN_NM": "United Kingdom", "XBRDR": 0.0, "UC_NM_MN": "St Albans" }, "geometry": { "type": "Point", "coordinates": [ -0.324322870442894, 51.744772422483507 ] } },
{ "type": "Feature", "properties": { "ID_HDC_G0": 1939.0, "QA2_1V": 1.0, "AREA": 58.0, "GCPNT_LAT": 52.572745421100002, "GCPNT_LON": -0.25903021206499999, "CTR_MN_NM": "United Kingdom", "XBRDR": 0.0, "UC_NM_MN": "Peterborough" }, "geometry": { "type": "Point", "coordinates": [ -0.259030212065026, 52.572745421072696 ] } },
{ "type": "Feature", "properties": { "ID_HDC_G0": 1945.0, "QA2_1V": 1.0, "AREA": 45.0, "GCPNT_LAT": 51.130109038599997, "GCPNT_LON": -0.18078496187199999, "CTR_MN_NM": "United Kingdom", "XBRDR": 0.0, "UC_NM_MN": "Crawley" }, "geometry": { "type": "Point", "coordinates": [ -0.180784961872197, 51.130109038644598 ] } },
{ "type": "Feature", "properties": { "ID_HDC_G0": 1946.0, "QA2_1V": 1.0, "AREA": 29.0, "GCPNT_LAT": 51.904830835699997, "GCPNT_LON": -0.18493053191699999, "CTR_MN_NM": "United Kingdom", "XBRDR": 0.0, "UC_NM_MN": "Stevenage" }, "geometry": { "type": "Point", "coordinates": [ -0.184930531917048, 51.904830835661912 ] } },
{ "type": "Feature", "properties": { "ID_HDC_G0": 1947.0, "QA2_1V": 1.0, "AREA": 29.0, "GCPNT_LAT": 38.980737146599999, "GCPNT_LON": -0.16233579290399999, "CTR_MN_NM": "Spain", "XBRDR": 0.0, "UC_NM_MN": "Gandia" }, "geometry": { "type": "Point", "coordinates": [ -0.162335792904135, 38.980737146564898 ] } },
{ "type": "Feature", "properties": { "ID_HDC_G0": 1948.0, "QA2_1V": 1.0, "AREA": 23.0, "GCPNT_LAT": 51.233863803399998, "GCPNT_LON": -0.17812352090299999, "CTR_MN_NM": "United Kingdom", "XBRDR": 0.0, "UC_NM_MN": "Redhill" }, "geometry": { "type": "Point", "coordinates": [ -0.178123520903067, 51.233863803399302 ] } },
{ "type": "Feature", "properties": { "ID_HDC_G0": 1950.0, "QA2_1V": 1.0, "AREA": 36.0, "GCPNT_LAT": 38.551033034900001, "GCPNT_LON": -0.13076339597100001, "CTR_MN_NM": "Spain", "XBRDR": 0.0, "UC_NM_MN": "Benidorm" }, "geometry": { "type": "Point", "coordinates": [ -0.13076339597109, 38.551033034934846 ] } },
{ "type": "Feature", "properties": { "ID_HDC_G0": 1951.0, "QA2_1V": 1.0, "AREA": 45.0, "GCPNT_LAT": 53.557242993300001, "GCPNT_LON": -0.082148050549600005, "CTR_MN_NM": "United Kingdom", "XBRDR": 0.0, "UC_NM_MN": "Grimsby" }, "geometry": { "type": "Point", "coordinates": [ -0.08214805054963, 53.557242993328977 ] } },
{ "type": "Feature", "properties": { "ID_HDC_G0": 1952.0, "QA2_1V": 1.0, "AREA": 45.0, "GCPNT_LAT": 39.971281688799998, "GCPNT_LON": -0.068929442189000004, "CTR_MN_NM": "Spain", "XBRDR": 0.0, "UC_NM_MN": "Castellón de la Plana" }, "geometry": { "type": "Point", "coordinates": [ -0.068929442189011, 39.971281688846155 ] } },
{ "type": "Feature", "properties": { "ID_HDC_G0": 1960.0, "QA2_1V": 1.0, "AREA": 25.0, "GCPNT_LAT": 51.7683552827, "GCPNT_LON": 0.10745838003199999, "CTR_MN_NM": "United Kingdom", "XBRDR": 0.0, "UC_NM_MN": "Harlow" }, "geometry": { "type": "Point", "coordinates": [ 0.107458380032348, 51.768355282730937 ] } },
{ "type": "Feature", "properties": { "ID_HDC_G0": 1961.0, "QA2_1V": 1.0, "AREA": 96.0, "GCPNT_LAT": 49.4895871015, "GCPNT_LON": 0.162569421273, "CTR_MN_NM": "France", "XBRDR": 0.0, "UC_NM_MN": "Le Havre" }, "geometry": { "type": "Point", "coordinates": [ 0.162569421273153, 49.489587101538206 ] } },
{ "type": "Feature", "properties": { "ID_HDC_G0": 1965.0, "QA2_1V": 1.0, "AREA": 37.0, "GCPNT_LAT": 52.208955750900003, "GCPNT_LON": 0.13861270903, "CTR_MN_NM": "United Kingdom", "XBRDR": 0.0, "UC_NM_MN": "Cambridge" }, "geometry": { "type": "Point", "coordinates": [ 0.138612709029535, 52.208955750866728 ] } },
{ "type": "Feature", "properties": { "ID_HDC_G0": 1967.0, "QA2_1V": 1.0, "AREA": 35.0, "GCPNT_LAT": 45.656372898999997, "GCPNT_LON": 0.16408632306499998, "CTR_MN_NM": "France", "XBRDR": 0.0, "UC_NM_MN": "Angoulême" }, "geometry": { "type": "Point", "coordinates": [ 0.164086323065122, 45.656372899001717 ] } },
{ "type": "Feature", "properties": { "ID_HDC_G0": 1969.0, "QA2_1V": 1.0, "AREA": 56.0, "GCPNT_LAT": 47.992576866199997, "GCPNT_LON": 0.19294271209899999, "CTR_MN_NM": "France", "XBRDR": 0.0, "UC_NM_MN": "Le Mans" }, "geometry": { "type": "Point", "coordinates": [ 0.192942712098569, 47.992576866173856 ] } },
{ "type": "Feature", "properties": { "ID_HDC_G0": 1971.0, "QA2_1V": 1.0, "AREA": 18.0, "GCPNT_LAT": 51.138994016300003, "GCPNT_LON": 0.25808373413199998, "CTR_MN_NM": "United Kingdom", "XBRDR": 0.0, "UC_NM_MN": "Royal Tunbridge Wells" }, "geometry": { "type": "Point", "coordinates": [ 0.258083734131896, 51.138994016282552 ] } },
{ "type": "Feature", "properties": { "ID_HDC_G0": 1973.0, "QA2_1V": 1.0, "AREA": 37.0, "GCPNT_LAT": 50.790358573600003, "GCPNT_LON": 0.28313616171899997, "CTR_MN_NM": "United Kingdom", "XBRDR": 0.0, "UC_NM_MN": "Eastbourne" }, "geometry": { "type": "Point", "coordinates": [ 0.2831361617191, 50.79035857361017 ] } },
{ "type": "Feature", "properties": { "ID_HDC_G0": 1976.0, "QA2_1V": 1.0, "AREA": 37.0, "GCPNT_LAT": 46.579822272900003, "GCPNT_LON": 0.34489004157100001, "CTR_MN_NM": "France", "XBRDR": 0.0, "UC_NM_MN": "Poitiers" }, "geometry": { "type": "Point", "coordinates": [ 0.34489004157079, 46.579822272921255 ] } },
{ "type": "Feature", "properties": { "ID_HDC_G0": 1978.0, "QA2_1V": 1.0, "AREA": 28.0, "GCPNT_LAT": 51.574267871300002, "GCPNT_LON": 0.46667663440099999, "CTR_MN_NM": "United Kingdom", "XBRDR": 0.0, "UC_NM_MN": "Basildon" }, "geometry": { "type": "Point", "coordinates": [ 0.466676634400988, 51.574267871304563 ] } },
{ "type": "Feature", "properties": { "ID_HDC_G0": 1979.0, "QA2_1V": 1.0, "AREA": 31.0, "GCPNT_LAT": 51.735472681200001, "GCPNT_LON": 0.479558470312, "CTR_MN_NM": "United Kingdom", "XBRDR": 0.0, "UC_NM_MN": "Chelmsford" }, "geometry": { "type": "Point", "coordinates": [ 0.479558470312442, 51.735472681178599 ] } },
{ "type": "Feature", "properties": { "ID_HDC_G0": 1980.0, "QA2_1V": 1.0, "AREA": 46.0, "GCPNT_LAT": 50.856717799800002, "GCPNT_LON": 0.52237872807399999, "CTR_MN_NM": "United Kingdom", "XBRDR": 0.0, "UC_NM_MN": "St Leonards" }, "geometry": { "type": "Point", "coordinates": [ 0.522378728074017, 50.856717799771239 ] } },
{ "type": "Feature", "properties": { "ID_HDC_G0": 1981.0, "QA2_1V": 1.0, "AREA": 68.0, "GCPNT_LAT": 51.371701594800001, "GCPNT_LON": 0.54316027924900001, "CTR_MN_NM": "United Kingdom", "XBRDR": 0.0, "UC_NM_MN": "Chatham" }, "geometry": { "type": "Point", "coordinates": [ 0.543160279248626, 51.371701594820514 ] } },
{ "type": "Feature", "properties": { "ID_HDC_G0": 1983.0, "QA2_1V": 1.0, "AREA": 29.0, "GCPNT_LAT": 51.267983946800001, "GCPNT_LON": 0.52868657047299994, "CTR_MN_NM": "United Kingdom", "XBRDR": 0.0, "UC_NM_MN": "Maidstone" }, "geometry": { "type": "Point", "coordinates": [ 0.528686570472696, 51.267983946807831 ] } },
{ "type": "Feature", "properties": { "ID_HDC_G0": 1984.0, "QA2_1V": 1.0, "AREA": 75.0, "GCPNT_LAT": 51.557303264600002, "GCPNT_LON": 0.65708689973599999, "CTR_MN_NM": "United Kingdom", "XBRDR": 0.0, "UC_NM_MN": "Southend-on-Sea" }, "geometry": { "type": "Point", "coordinates": [ 0.657086899736067, 51.557303264642478 ] } },
{ "type": "Feature", "properties": { "ID_HDC_G0": 1989.0, "QA2_1V": 1.0, "AREA": 75.0, "GCPNT_LAT": 47.381756774800003, "GCPNT_LON": 0.69153253712200002, "CTR_MN_NM": "France", "XBRDR": 0.0, "UC_NM_MN": "Tours" }, "geometry": { "type": "Point", "coordinates": [ 0.691532537122101, 47.38175677477021 ] } },
{ "type": "Feature", "properties": { "ID_HDC_G0": 1991.0, "QA2_1V": 1.0, "AREA": 25.0, "GCPNT_LAT": 41.6174797201, "GCPNT_LON": 0.63820144935599998, "CTR_MN_NM": "Spain", "XBRDR": 0.0, "UC_NM_MN": "Lleida" }, "geometry": { "type": "Point", "coordinates": [ 0.638201449356468, 41.617479720081519 ] } },
{ "type": "Feature", "properties": { "ID_HDC_G0": 1993.0, "QA2_1V": 1.0, "AREA": 37.0, "GCPNT_LAT": 51.886825552799998, "GCPNT_LON": 0.89661204487099999, "CTR_MN_NM": "United Kingdom", "XBRDR": 0.0, "UC_NM_MN": "Colchester" }, "geometry": { "type": "Point", "coordinates": [ 0.896612044870956, 51.886825552765707 ] } },
{ "type": "Feature", "properties": { "ID_HDC_G0": 1995.0, "QA2_1V": 1.0, "AREA": 25.0, "GCPNT_LAT": 51.141670337800001, "GCPNT_LON": 0.87119799812999998, "CTR_MN_NM": "United Kingdom", "XBRDR": 0.0, "UC_NM_MN": "Ashford" }, "geometry": { "type": "Point", "coordinates": [ 0.871197998129807, 51.141670337773611 ] } },
{ "type": "Feature", "properties": { "ID_HDC_G0": 1998.0, "QA2_1V": 1.0, "AREA": 113.0, "GCPNT_LAT": 49.425704144599997, "GCPNT_LON": 1.07379063074, "CTR_MN_NM": "France", "XBRDR": 0.0, "UC_NM_MN": "Rouen" }, "geometry": { "type": "Point", "coordinates": [ 1.073790630735013, 49.425704144550814 ] } },
{ "type": "Feature", "properties": { "ID_HDC_G0": 2000.0, "QA2_1V": 1.0, "AREA": 15.0, "GCPNT_LAT": 51.282418417800002, "GCPNT_LON": 1.0785071688400001, "CTR_MN_NM": "United Kingdom", "XBRDR": 0.0, "UC_NM_MN": "Canterbury" }, "geometry": { "type": "Point", "coordinates": [ 1.078507168838058, 51.282418417839182 ] } },
{ "type": "Feature", "properties": { "ID_HDC_G0": 2003.0, "QA2_1V": 1.0, "AREA": 45.0, "GCPNT_LAT": 52.054767671, "GCPNT_LON": 1.1707135898000001, "CTR_MN_NM": "United Kingdom", "XBRDR": 0.0, "UC_NM_MN": "Ipswich" }, "geometry": { "type": "Point", "coordinates": [ 1.170713589797042, 52.054767670994565 ] } },
{ "type": "Feature", "properties": { "ID_HDC_G0": 2004.0, "QA2_1V": 1.0, "AREA": 17.0, "GCPNT_LAT": 51.084440991500003, "GCPNT_LON": 1.1671807027000001, "CTR_MN_NM": "United Kingdom", "XBRDR": 0.0, "UC_NM_MN": "Folkestone" }, "geometry": { "type": "Point", "coordinates": [ 1.167180702697045, 51.084440991480754 ] } },
{ "type": "Feature", "properties": { "ID_HDC_G0": 2005.0, "QA2_1V": 1.0, "AREA": 55.0, "GCPNT_LAT": 52.638877734399998, "GCPNT_LON": 1.2874050648099999, "CTR_MN_NM": "United Kingdom", "XBRDR": 0.0, "UC_NM_MN": "Norwich" }, "geometry": { "type": "Point", "coordinates": [ 1.287405064813402, 52.638877734360115 ] } },
{ "type": "Feature", "properties": { "ID_HDC_G0": 2006.0, "QA2_1V": 1.0, "AREA": 20.0, "GCPNT_LAT": 41.15376819, "GCPNT_LON": 1.1087207215000001, "CTR_MN_NM": "Spain", "XBRDR": 0.0, "UC_NM_MN": "Reus" }, "geometry": { "type": "Point", "coordinates": [ 1.108720721498415, 41.153768190049853 ] } },
{ "type": "Feature", "properties": { "ID_HDC_G0": 2008.0, "QA2_1V": 1.0, "AREA": 45.0, "GCPNT_LAT": 41.114503433499998, "GCPNT_LON": 1.2243114155099999, "CTR_MN_NM": "Spain", "XBRDR": 0.0, "UC_NM_MN": "Tarragona" }, "geometry": { "type": "Point", "coordinates": [ 1.224311415510675, 41.114503433507991 ] } },
{ "type": "Feature", "properties": { "ID_HDC_G0": 2010.0, "QA2_1V": 1.0, "AREA": 48.0, "GCPNT_LAT": 45.839049686199999, "GCPNT_LON": 1.2653165692099999, "CTR_MN_NM": "France", "XBRDR": 0.0, "UC_NM_MN": "Limoges" }, "geometry": { "type": "Point", "coordinates": [ 1.265316569210548, 45.839049686226019 ] } },
{ "type": "Feature", "properties": { "ID_HDC_G0": 2012.0, "QA2_1V": 1.0, "AREA": 38.0, "GCPNT_LAT": 51.362960744799999, "GCPNT_LON": 1.4031623852399999, "CTR_MN_NM": "United Kingdom", "XBRDR": 0.0, "UC_NM_MN": "Margate" }, "geometry": { "type": "Point", "coordinates": [ 1.403162385243045, 51.362960744820143 ] } },
{ "type": "Feature", "properties": { "ID_HDC_G0": 2017.0, "QA2_1V": 1.0, "AREA": 246.0, "GCPNT_LAT": 43.609215925100003, "GCPNT_LON": 1.4230002228700001, "CTR_MN_NM": "France", "XBRDR": 0.0, "UC_NM_MN": "Toulouse" }, "geometry": { "type": "Point", "coordinates": [ 1.42300022287408, 43.609215925075887 ] } },
{ "type": "Feature", "properties": { "ID_HDC_G0": 2022.0, "QA2_1V": 1.0, "AREA": 31.0, "GCPNT_LAT": 48.442465263599999, "GCPNT_LON": 1.48567918508, "CTR_MN_NM": "France", "XBRDR": 0.0, "UC_NM_MN": "Chartres" }, "geometry": { "type": "Point", "coordinates": [ 1.485679185077534, 48.442465263615489 ] } },
{ "type": "Feature", "properties": { "ID_HDC_G0": 2027.0, "QA2_1V": 1.0, "AREA": 25.0, "GCPNT_LAT": 50.717296073599996, "GCPNT_LON": 1.5999207703599998, "CTR_MN_NM": "France", "XBRDR": 0.0, "UC_NM_MN": "Boulogne-sur-Mer" }, "geometry": { "type": "Point", "coordinates": [ 1.599920770360843, 50.717296073638742 ] } },
{ "type": "Feature", "properties": { "ID_HDC_G0": 2029.0, "QA2_1V": 1.0, "AREA": 14.0, "GCPNT_LAT": 38.906284545299997, "GCPNT_LON": 1.4224710534, "CTR_MN_NM": "Spain", "XBRDR": 0.0, "UC_NM_MN": "Ibiza" }, "geometry": { "type": "Point", "coordinates": [ 1.422471053397613, 38.906284545292863 ] } },
{ "type": "Feature", "properties": { "ID_HDC_G0": 2032.0, "QA2_1V": 1.0, "AREA": 23.0, "GCPNT_LAT": 52.589502789199997, "GCPNT_LON": 1.7234490716699999, "CTR_MN_NM": "United Kingdom", "XBRDR": 0.0, "UC_NM_MN": "Great Yarmouth" }, "geometry": { "type": "Point", "coordinates": [ 1.723449071671737, 52.589502789238509 ] } },
{ "type": "Feature", "properties": { "ID_HDC_G0": 2033.0, "QA2_1V": 1.0, "AREA": 26.0, "GCPNT_LAT": 52.472124734099999, "GCPNT_LON": 1.7294305958599998, "CTR_MN_NM": "United Kingdom", "XBRDR": 0.0, "UC_NM_MN": "Lowestoft" }, "geometry": { "type": "Point", "coordinates": [ 1.729430595855325, 52.472124734146469 ] } },
{ "type": "Feature", "properties": { "ID_HDC_G0": 2035.0, "QA2_1V": 1.0, "AREA": 37.0, "GCPNT_LAT": 48.982957966299999, "GCPNT_LON": 1.7410334644600001, "CTR_MN_NM": "France", "XBRDR": 0.0, "UC_NM_MN": "Mantes-la-Jolie" }, "geometry": { "type": "Point", "coordinates": [ 1.741033464460343, 48.982957966326651 ] } },
{ "type": "Feature", "properties": { "ID_HDC_G0": 2038.0, "QA2_1V": 1.0, "AREA": 14.0, "GCPNT_LAT": 41.579874002499999, "GCPNT_LON": 1.6262512073399999, "CTR_MN_NM": "Spain", "XBRDR": 0.0, "UC_NM_MN": "Igualada" }, "geometry": { "type": "Point", "coordinates": [ 1.626251207337391, 41.579874002495607 ] } },
{ "type": "Feature", "properties": { "ID_HDC_G0": 2040.0, "QA2_1V": 1.0, "AREA": 30.0, "GCPNT_LAT": 50.953289570300001, "GCPNT_LON": 1.8743640684599998, "CTR_MN_NM": "France", "XBRDR": 0.0, "UC_NM_MN": "Calais" }, "geometry": { "type": "Point", "coordinates": [ 1.874364068455386, 50.953289570257326 ] } },
{ "type": "Feature", "properties": { "ID_HDC_G0": 2043.0, "QA2_1V": 1.0, "AREA": 26.0, "GCPNT_LAT": 41.226961467300001, "GCPNT_LON": 1.7215783284499999, "CTR_MN_NM": "Spain", "XBRDR": 0.0, "UC_NM_MN": "Vilanova i la Geltrú" }, "geometry": { "type": "Point", "coordinates": [ 1.721578328446299, 41.226961467264779 ] } },
{ "type": "Feature", "properties": { "ID_HDC_G0": 2045.0, "QA2_1V": 1.0, "AREA": 68.0, "GCPNT_LAT": 47.905451990800003, "GCPNT_LON": 1.9105415542099999, "CTR_MN_NM": "France", "XBRDR": 0.0, "UC_NM_MN": "Orléans" }, "geometry": { "type": "Point", "coordinates": [ 1.910541554210282, 47.905451990788933 ] } },
{ "type": "Feature", "properties": { "ID_HDC_G0": 2046.0, "QA2_1V": 1.0, "AREA": 1638.0, "GCPNT_LAT": 48.839904616299997, "GCPNT_LON": 2.3220101942999998, "CTR_MN_NM": "France", "XBRDR": 0.0, "UC_NM_MN": "Paris" }, "geometry": { "type": "Point", "coordinates": [ 2.32201019430476, 48.839904616280784 ] } },
{ "type": "Feature", "properties": { "ID_HDC_G0": 2048.0, "QA2_1V": 1.0, "AREA": 19.0, "GCPNT_LAT": 41.733120260200003, "GCPNT_LON": 1.8284651080800001, "CTR_MN_NM": "Spain", "XBRDR": 0.0, "UC_NM_MN": "Manresa" }, "geometry": { "type": "Point", "coordinates": [ 1.828465108080545, 41.733120260169784 ] } },
{ "type": "Feature", "properties": { "ID_HDC_G0": 2051.0, "QA2_1V": 1.0, "AREA": 583.0, "GCPNT_LAT": 41.415569892100002, "GCPNT_LON": 2.1714280258900001, "CTR_MN_NM": "Spain", "XBRDR": 0.0, "UC_NM_MN": "Barcelona" }, "geometry": { "type": "Point", "coordinates": [ 2.17142802589, 41.415569892100002 ] } },
{ "type": "Feature", "properties": { "ID_HDC_G0": 2054.0, "QA2_1V": 1.0, "AREA": 74.0, "GCPNT_LAT": 51.0307882424, "GCPNT_LON": 2.3396784205699999, "CTR_MN_NM": "France", "XBRDR": 0.0, "UC_NM_MN": "Dunkirk" }, "geometry": { "type": "Point", "coordinates": [ 2.339678420566874, 51.030788242432834 ] } },
{ "type": "Feature", "properties": { "ID_HDC_G0": 2057.0, "QA2_1V": 1.0, "AREA": 46.0, "GCPNT_LAT": 49.897550729700001, "GCPNT_LON": 2.30162485964, "CTR_MN_NM": "France", "XBRDR": 0.0, "UC_NM_MN": "Amiens" }, "geometry": { "type": "Point", "coordinates": [ 2.301624859638653, 49.897550729693286 ] } },
{ "type": "Feature", "properties": { "ID_HDC_G0": 2061.0, "QA2_1V": 1.0, "AREA": 30.0, "GCPNT_LAT": 49.264815011000003, "GCPNT_LON": 2.47164358748, "CTR_MN_NM": "France", "XBRDR": 0.0, "UC_NM_MN": "Creil" }, "geometry": { "type": "Point", "coordinates": [ 2.471643587475867, 49.264815010954365 ] } },
{ "type": "Feature", "properties": { "ID_HDC_G0": 2065.0, "QA2_1V": 1.0, "AREA": 25.0, "GCPNT_LAT": 48.5321308264, "GCPNT_LON": 2.6514815338900002, "CTR_MN_NM": "France", "XBRDR": 0.0, "UC_NM_MN": "Melun" }, "geometry": { "type": "Point", "coordinates": [ 2.651481533892398, 48.53213082639904 ] } },
{ "type": "Feature", "properties": { "ID_HDC_G0": 2066.0, "QA2_1V": 1.0, "AREA": 28.0, "GCPNT_LAT": 41.546350425100002, "GCPNT_LON": 2.4509584418600001, "CTR_MN_NM": "Spain", "XBRDR": 0.0, "UC_NM_MN": "Mataró" }, "geometry": { "type": "Point", "coordinates": [ 2.450958441860205, 41.546350425100513 ] } },
{ "type": "Feature", "properties": { "ID_HDC_G0": 2069.0, "QA2_1V": 1.0, "AREA": 98.0, "GCPNT_LAT": 50.427761785900003, "GCPNT_LON": 2.8522103039299997, "CTR_MN_NM": "France", "XBRDR": 0.0, "UC_NM_MN": "Lens" }, "geometry": { "type": "Point", "coordinates": [ 2.852210303931454, 50.427761785860049 ] } },
{ "type": "Feature", "properties": { "ID_HDC_G0": 2071.0, "QA2_1V": 1.0, "AREA": 24.0, "GCPNT_LAT": 48.8829833335, "GCPNT_LON": 2.7336155806, "CTR_MN_NM": "France", "XBRDR": 0.0, "UC_NM_MN": "Lagny-sur-Marne" }, "geometry": { "type": "Point", "coordinates": [ 2.7336155806, 48.8829833335 ] } },
{ "type": "Feature", "properties": { "ID_HDC_G0": 2072.0, "QA2_1V": 1.0, "AREA": 22.0, "GCPNT_LAT": 50.288364787500001, "GCPNT_LON": 2.7707820626, "CTR_MN_NM": "France", "XBRDR": 0.0, "UC_NM_MN": "Arras" }, "geometry": { "type": "Point", "coordinates": [ 2.770782062599909, 50.288364787509288 ] } },
{ "type": "Feature", "properties": { "ID_HDC_G0": 2075.0, "QA2_1V": 1.0, "AREA": 33.0, "GCPNT_LAT": 51.223739519600002, "GCPNT_LON": 2.9351652125099998, "CTR_MN_NM": "Belgium", "XBRDR": 0.0, "UC_NM_MN": "Bredene" }, "geometry": { "type": "Point", "coordinates": [ 2.935165212511979, 51.223739519550662 ] } },
{ "type": "Feature", "properties": { "ID_HDC_G0": 2076.0, "QA2_1V": 1.0, "AREA": 111.0, "GCPNT_LAT": 39.562241263499999, "GCPNT_LON": 2.65152318198, "CTR_MN_NM": "Spain", "XBRDR": 0.0, "UC_NM_MN": "Palma de Mallorca" }, "geometry": { "type": "Point", "coordinates": [ 2.651523181983375, 39.562241263486314 ] } },
{ "type": "Feature", "properties": { "ID_HDC_G0": 2079.0, "QA2_1V": 1.0, "AREA": 22.0, "GCPNT_LAT": 48.957034871200001, "GCPNT_LON": 2.9038524141500002, "CTR_MN_NM": "France", "XBRDR": 0.0, "UC_NM_MN": "Meaux" }, "geometry": { "type": "Point", "coordinates": [ 2.903852414146916, 48.95703487122276 ] } },
{ "type": "Feature", "properties": { "ID_HDC_G0": 2080.0, "QA2_1V": 1.0, "AREA": 234.0, "GCPNT_LAT": 50.662527493600003, "GCPNT_LON": 3.11100553095, "CTR_MN_NM": "France", "XBRDR": 1.0, "UC_NM_MN": "Lille" }, "geometry": { "type": "Point", "coordinates": [ 3.111005530953111, 50.662527493597864 ] } },
{ "type": "Feature", "properties": { "ID_HDC_G0": 2082.0, "QA2_1V": 1.0, "AREA": 43.0, "GCPNT_LAT": 50.378789473099999, "GCPNT_LON": 3.10949179131, "CTR_MN_NM": "France", "XBRDR": 0.0, "UC_NM_MN": "Douai" }, "geometry": { "type": "Point", "coordinates": [ 3.109491791306633, 50.378789473071471 ] } },
{ "type": "Feature", "properties": { "ID_HDC_G0": 2083.0, "QA2_1V": 1.0, "AREA": 29.0, "GCPNT_LAT": 41.982265828800003, "GCPNT_LON": 2.8095185921299999, "CTR_MN_NM": "Spain", "XBRDR": 0.0, "UC_NM_MN": "Girona" }, "geometry": { "type": "Point", "coordinates": [ 2.809518592125645, 41.982265828802632 ] } },
{ "type": "Feature", "properties": { "ID_HDC_G0": 2086.0, "QA2_1V": 1.0, "AREA": 41.0, "GCPNT_LAT": 42.696571550500003, "GCPNT_LON": 2.8927097763199998, "CTR_MN_NM": "France", "XBRDR": 0.0, "UC_NM_MN": "Perpignan" }, "geometry": { "type": "Point", "coordinates": [ 2.892709776318321, 42.696571550542707 ] } },
{ "type": "Feature", "properties": { "ID_HDC_G0": 2087.0, "QA2_1V": 1.0, "AREA": 30.0, "GCPNT_LAT": 51.206240542400003, "GCPNT_LON": 3.2205578035700002, "CTR_MN_NM": "Belgium", "XBRDR": 0.0, "UC_NM_MN": "Bruges" }, "geometry": { "type": "Point", "coordinates": [ 3.220557803570023, 51.206240542406093 ] } },
{ "type": "Feature", "properties": { "ID_HDC_G0": 2093.0, "QA2_1V": 1.0, "AREA": 65.0, "GCPNT_LAT": 50.841865005400003, "GCPNT_LON": 3.2901753405499998, "CTR_MN_NM": "Belgium", "XBRDR": 0.0, "UC_NM_MN": "Kortrijk" }, "geometry": { "type": "Point", "coordinates": [ 3.290175340546501, 50.841865005413418 ] } },
{ "type": "Feature", "properties": { "ID_HDC_G0": 2094.0, "QA2_1V": 1.0, "AREA": 70.0, "GCPNT_LAT": 45.784842669, "GCPNT_LON": 3.1096598568, "CTR_MN_NM": "France", "XBRDR": 0.0, "UC_NM_MN": "Clermont-Ferrand" }, "geometry": { "type": "Point", "coordinates": [ 3.109659856795495, 45.784842669047677 ] } },
{ "type": "Feature", "properties": { "ID_HDC_G0": 2104.0, "QA2_1V": 1.0, "AREA": 48.0, "GCPNT_LAT": 50.356662786900003, "GCPNT_LON": 3.5091994870800001, "CTR_MN_NM": "France", "XBRDR": 0.0, "UC_NM_MN": "Valenciennes" }, "geometry": { "type": "Point", "coordinates": [ 3.509199487081471, 50.356662786947687 ] } },
{ "type": "Feature", "properties": { "ID_HDC_G0": 2106.0, "QA2_1V": 1.0, "AREA": 18.0, "GCPNT_LAT": 43.347283514700003, "GCPNT_LON": 3.2345026136900001, "CTR_MN_NM": "France", "XBRDR": 0.0, "UC_NM_MN": "Béziers" }, "geometry": { "type": "Point", "coordinates": [ 3.234502613686199, 43.347283514702184 ] } },
{ "type": "Feature", "properties": { "ID_HDC_G0": 2112.0, "QA2_1V": 1.0, "AREA": 147.0, "GCPNT_LAT": 51.085774388499999, "GCPNT_LON": 3.7482495918200001, "CTR_MN_NM": "Belgium", "XBRDR": 1.0, "UC_NM_MN": "Ghent" }, "geometry": { "type": "Point", "coordinates": [ 3.748249591820978, 51.085774388459853 ] } },
{ "type": "Feature", "properties": { "ID_HDC_G0": 2119.0, "QA2_1V": 1.0, "AREA": 62.0, "GCPNT_LAT": 50.439039741599998, "GCPNT_LON": 3.90051476479, "CTR_MN_NM": "Belgium", "XBRDR": 0.0, "UC_NM_MN": "Mons" }, "geometry": { "type": "Point", "coordinates": [ 3.900514764788196, 50.43903974158809 ] } },
{ "type": "Feature", "properties": { "ID_HDC_G0": 2123.0, "QA2_1V": 1.0, "AREA": 658.0, "GCPNT_LAT": 51.910026332800001, "GCPNT_LON": 4.4765868011299998, "CTR_MN_NM": "Netherlands", "XBRDR": 0.0, "UC_NM_MN": "Rotterdam [The Hague]" }, "geometry": { "type": "Point", "coordinates": [ 4.47658680113, 51.910026332800001 ] } },
{ "type": "Feature", "properties": { "ID_HDC_G0": 2127.0, "QA2_1V": 1.0, "AREA": 56.0, "GCPNT_LAT": 49.251261157199998, "GCPNT_LON": 4.0325120297600003, "CTR_MN_NM": "France", "XBRDR": 0.0, "UC_NM_MN": "Reims" }, "geometry": { "type": "Point", "coordinates": [ 4.032512029756036, 49.251261157192367 ] } },
{ "type": "Feature", "properties": { "ID_HDC_G0": 2129.0, "QA2_1V": 1.0, "AREA": 47.0, "GCPNT_LAT": 50.47799695, "GCPNT_LON": 4.2107881485999998, "CTR_MN_NM": "Belgium", "XBRDR": 0.0, "UC_NM_MN": "La Louvière" }, "geometry": { "type": "Point", "coordinates": [ 4.210788148597487, 50.477996949962083 ] } },
{ "type": "Feature", "properties": { "ID_HDC_G0": 2130.0, "QA2_1V": 1.0, "AREA": 73.0, "GCPNT_LAT": 43.620362307900002, "GCPNT_LON": 3.8781601285099998, "CTR_MN_NM": "France", "XBRDR": 0.0, "UC_NM_MN": "Montpellier" }, "geometry": { "type": "Point", "coordinates": [ 3.878160128509468, 43.620362307943346 ] } },
{ "type": "Feature", "properties": { "ID_HDC_G0": 2131.0, "QA2_1V": 1.0, "AREA": 49.0, "GCPNT_LAT": 48.295136740399997, "GCPNT_LON": 4.0695930352999996, "CTR_MN_NM": "France", "XBRDR": 0.0, "UC_NM_MN": "Troyes" }, "geometry": { "type": "Point", "coordinates": [ 4.069593035299792, 48.295136740427679 ] } },
{ "type": "Feature", "properties": { "ID_HDC_G0": 2133.0, "QA2_1V": 1.0, "AREA": 376.0, "GCPNT_LAT": 51.216337134100002, "GCPNT_LON": 4.39613910932, "CTR_MN_NM": "Belgium", "XBRDR": 0.0, "UC_NM_MN": "Antwerp" }, "geometry": { "type": "Point", "coordinates": [ 4.396139109322574, 51.216337134060922 ] } },
{ "type": "Feature", "properties": { "ID_HDC_G0": 2135.0, "QA2_1V": 1.0, "AREA": 266.0, "GCPNT_LAT": 50.849956765499996, "GCPNT_LON": 4.3702808213299997, "CTR_MN_NM": "Belgium", "XBRDR": 0.0, "UC_NM_MN": "Brussels" }, "geometry": { "type": "Point", "coordinates": [ 4.370280821326885, 50.849956765544846 ] } },
{ "type": "Feature", "properties": { "ID_HDC_G0": 2138.0, "QA2_1V": 1.0, "AREA": 97.0, "GCPNT_LAT": 52.185128276699999, "GCPNT_LON": 4.4841540653500003, "CTR_MN_NM": "Netherlands", "XBRDR": 0.0, "UC_NM_MN": "Leiden" }, "geometry": { "type": "Point", "coordinates": [ 4.484154065352264, 52.185128276679251 ] } },
{ "type": "Feature", "properties": { "ID_HDC_G0": 2142.0, "QA2_1V": 1.0, "AREA": 124.0, "GCPNT_LAT": 50.427604103299998, "GCPNT_LON": 4.44029611828, "CTR_MN_NM": "Belgium", "XBRDR": 0.0, "UC_NM_MN": "Charleroi" }, "geometry": { "type": "Point", "coordinates": [ 4.440296118276268, 50.427604103344301 ] } },
{ "type": "Feature", "properties": { "ID_HDC_G0": 2144.0, "QA2_1V": 1.0, "AREA": 60.0, "GCPNT_LAT": 52.0344937343, "GCPNT_LON": 4.5041450399, "CTR_MN_NM": "Netherlands", "XBRDR": 0.0, "UC_NM_MN": "Zoetermeer" }, "geometry": { "type": "Point", "coordinates": [ 4.504145039903106, 52.034493734280531 ] } },
{ "type": "Feature", "properties": { "ID_HDC_G0": 2145.0, "QA2_1V": 1.0, "AREA": 20.0, "GCPNT_LAT": 51.5339433368, "GCPNT_LON": 4.464835549, "CTR_MN_NM": "Netherlands", "XBRDR": 0.0, "UC_NM_MN": "Roosendaal" }, "geometry": { "type": "Point", "coordinates": [ 4.464835548995942, 51.533943336780659 ] } },
{ "type": "Feature", "properties": { "ID_HDC_G0": 2149.0, "QA2_1V": 1.0, "AREA": 53.0, "GCPNT_LAT": 51.050808337600003, "GCPNT_LON": 4.48985413618, "CTR_MN_NM": "Belgium", "XBRDR": 0.0, "UC_NM_MN": "Mechelen" }, "geometry": { "type": "Point", "coordinates": [ 4.489854136184101, 51.050808337579994 ] } },
{ "type": "Feature", "properties": { "ID_HDC_G0": 2152.0, "QA2_1V": 1.0, "AREA": 54.0, "GCPNT_LAT": 52.486430433300001, "GCPNT_LON": 4.6457268003800003, "CTR_MN_NM": "Netherlands", "XBRDR": 0.0, "UC_NM_MN": "Heemskerk" }, "geometry": { "type": "Point", "coordinates": [ 4.645726800378418, 52.486430433278734 ] } },
{ "type": "Feature", "properties": { "ID_HDC_G0": 2154.0, "QA2_1V": 1.0, "AREA": 81.0, "GCPNT_LAT": 60.341675506800001, "GCPNT_LON": 5.3106892346799999, "CTR_MN_NM": "Norway", "XBRDR": 0.0, "UC_NM_MN": "Bergen" }, "geometry": { "type": "Point", "coordinates": [ 5.310689234678124, 60.341675506784725 ] } },
{ "type": "Feature", "properties": { "ID_HDC_G0": 2155.0, "QA2_1V": 1.0, "AREA": 52.0, "GCPNT_LAT": 52.3811271856, "GCPNT_LON": 4.6428901313099997, "CTR_MN_NM": "Netherlands", "XBRDR": 0.0, "UC_NM_MN": "Haarlem" }, "geometry": { "type": "Point", "coordinates": [ 4.642890131314458, 52.381127185570193 ] } },
{ "type": "Feature", "properties": { "ID_HDC_G0": 2162.0, "QA2_1V": 1.0, "AREA": 20.0, "GCPNT_LAT": 52.136598779800003, "GCPNT_LON": 4.656404046, "CTR_MN_NM": "Netherlands", "XBRDR": 0.0, "UC_NM_MN": "Alphen aan den Rijn" }, "geometry": { "type": "Point", "coordinates": [ 4.656404046000191, 52.136598779800003 ] } },
{ "type": "Feature", "properties": { "ID_HDC_G0": 2163.0, "QA2_1V": 1.0, "AREA": 88.0, "GCPNT_LAT": 51.816074268000001, "GCPNT_LON": 4.6767339295600001, "CTR_MN_NM": "Netherlands", "XBRDR": 0.0, "UC_NM_MN": "Dordrecht" }, "geometry": { "type": "Point", "coordinates": [ 4.676733929557, 51.816074268031123 ] } },
{ "type": "Feature", "properties": { "ID_HDC_G0": 2164.0, "QA2_1V": 1.0, "AREA": 29.0, "GCPNT_LAT": 52.026573984099997, "GCPNT_LON": 4.6945902100700003, "CTR_MN_NM": "Netherlands", "XBRDR": 0.0, "UC_NM_MN": "Gouda" }, "geometry": { "type": "Point", "coordinates": [ 4.694590210070942, 52.026573984138658 ] } },
{ "type": "Feature", "properties": { "ID_HDC_G0": 2166.0, "QA2_1V": 1.0, "AREA": 59.0, "GCPNT_LAT": 52.654779230099997, "GCPNT_LON": 4.7862274331999997, "CTR_MN_NM": "Netherlands", "XBRDR": 0.0, "UC_NM_MN": "Alkmaar" }, "geometry": { "type": "Point", "coordinates": [ 4.786227433202292, 52.654779230137137 ] } },
{ "type": "Feature", "properties": { "ID_HDC_G0": 2167.0, "QA2_1V": 1.0, "AREA": 345.0, "GCPNT_LAT": 52.3557120806, "GCPNT_LON": 4.8505777180400003, "CTR_MN_NM": "Netherlands", "XBRDR": 0.0, "UC_NM_MN": "Amsterdam" }, "geometry": { "type": "Point", "coordinates": [ 4.850577718039882, 52.355712080642384 ] } },
{ "type": "Feature", "properties": { "ID_HDC_G0": 2168.0, "QA2_1V": 1.0, "AREA": 46.0, "GCPNT_LAT": 45.443640121800001, "GCPNT_LON": 4.3948754785400004, "CTR_MN_NM": "France", "XBRDR": 0.0, "UC_NM_MN": "Saint-Étienne" }, "geometry": { "type": "Point", "coordinates": [ 4.394875478535508, 45.443640121793045 ] } },
{ "type": "Feature", "properties": { "ID_HDC_G0": 2169.0, "QA2_1V": 1.0, "AREA": 48.0, "GCPNT_LAT": 51.589893714, "GCPNT_LON": 4.7716023638199996, "CTR_MN_NM": "Netherlands", "XBRDR": 0.0, "UC_NM_MN": "Breda" }, "geometry": { "type": "Point", "coordinates": [ 4.771602363816554, 51.589893714011509 ] } },
{ "type": "Feature", "properties": { "ID_HDC_G0": 2171.0, "QA2_1V": 1.0, "AREA": 26.0, "GCPNT_LAT": 50.885496031000002, "GCPNT_LON": 4.7077802685199996, "CTR_MN_NM": "Belgium", "XBRDR": 0.0, "UC_NM_MN": "Leuven" }, "geometry": { "type": "Point", "coordinates": [ 4.707780268518044, 50.885496031042429 ] } },
{ "type": "Feature", "properties": { "ID_HDC_G0": 2172.0, "QA2_1V": 1.0, "AREA": 39.0, "GCPNT_LAT": 43.832061634200002, "GCPNT_LON": 4.3493413819499995, "CTR_MN_NM": "France", "XBRDR": 0.0, "UC_NM_MN": "Nimes" }, "geometry": { "type": "Point", "coordinates": [ 4.349341381946499, 43.83206163415263 ] } },
{ "type": "Feature", "properties": { "ID_HDC_G0": 2176.0, "QA2_1V": 1.0, "AREA": 21.0, "GCPNT_LAT": 52.504935033099997, "GCPNT_LON": 4.96382418479, "CTR_MN_NM": "Netherlands", "XBRDR": 0.0, "UC_NM_MN": "Purmerend" }, "geometry": { "type": "Point", "coordinates": [ 4.963824184792138, 52.504935033129378 ] } },
{ "type": "Feature", "properties": { "ID_HDC_G0": 2179.0, "QA2_1V": 1.0, "AREA": 25.0, "GCPNT_LAT": 52.651611386600003, "GCPNT_LON": 5.0675360224999997, "CTR_MN_NM": "Netherlands", "XBRDR": 0.0, "UC_NM_MN": "Hoorn" }, "geometry": { "type": "Point", "coordinates": [ 5.067536022495898, 52.651611386561925 ] } },
{ "type": "Feature", "properties": { "ID_HDC_G0": 2181.0, "QA2_1V": 1.0, "AREA": 124.0, "GCPNT_LAT": 52.075485159499998, "GCPNT_LON": 5.0818774550499999, "CTR_MN_NM": "Netherlands", "XBRDR": 0.0, "UC_NM_MN": "Utrecht" }, "geometry": { "type": "Point", "coordinates": [ 5.081877455045674, 52.075485159545515 ] } },
{ "type": "Feature", "properties": { "ID_HDC_G0": 2183.0, "QA2_1V": 1.0, "AREA": 63.0, "GCPNT_LAT": 51.5649451058, "GCPNT_LON": 5.0619620643300003, "CTR_MN_NM": "Netherlands", "XBRDR": 0.0, "UC_NM_MN": "Tilburg" }, "geometry": { "type": "Point", "coordinates": [ 5.061962064325084, 51.564945105770839 ] } },
{ "type": "Feature", "properties": { "ID_HDC_G0": 2185.0, "QA2_1V": 1.0, "AREA": 76.0, "GCPNT_LAT": 58.930168452899998, "GCPNT_LON": 5.7213674620499999, "CTR_MN_NM": "Norway", "XBRDR": 0.0, "UC_NM_MN": "Stavanger" }, "geometry": { "type": "Point", "coordinates": [ 5.72136746205362, 58.93016845293176 ] } },
{ "type": "Feature", "properties": { "ID_HDC_G0": 2186.0, "QA2_1V": 1.0, "AREA": 270.0, "GCPNT_LAT": 45.751172260600001, "GCPNT_LON": 4.8608451741599996, "CTR_MN_NM": "France", "XBRDR": 0.0, "UC_NM_MN": "Lyon" }, "geometry": { "type": "Point", "coordinates": [ 4.860845174160188, 45.751172260645035 ] } },
{ "type": "Feature", "properties": { "ID_HDC_G0": 2187.0, "QA2_1V": 1.0, "AREA": 56.0, "GCPNT_LAT": 52.381996177399998, "GCPNT_LON": 5.2352299766000003, "CTR_MN_NM": "Netherlands", "XBRDR": 0.0, "UC_NM_MN": "Almere" }, "geometry": { "type": "Point", "coordinates": [ 5.235229976600256, 52.381996177378554 ] } },
{ "type": "Feature", "properties": { "ID_HDC_G0": 2188.0, "QA2_1V": 1.0, "AREA": 17.0, "GCPNT_LAT": 52.224361534499998, "GCPNT_LON": 5.1688596936, "CTR_MN_NM": "Netherlands", "XBRDR": 0.0, "UC_NM_MN": "Hilversum" }, "geometry": { "type": "Point", "coordinates": [ 5.16885969359624, 52.22436153449037 ] } },
{ "type": "Feature", "properties": { "ID_HDC_G0": 2194.0, "QA2_1V": 1.0, "AREA": 45.0, "GCPNT_LAT": 51.708847389799999, "GCPNT_LON": 5.3159748862200003, "CTR_MN_NM": "Netherlands", "XBRDR": 0.0, "UC_NM_MN": "'s-Hertogenbosch" }, "geometry": { "type": "Point", "coordinates": [ 5.315974886220176, 51.708847389808973 ] } },
{ "type": "Feature", "properties": { "ID_HDC_G0": 2195.0, "QA2_1V": 1.0, "AREA": 38.0, "GCPNT_LAT": 43.934318892900002, "GCPNT_LON": 4.8330612575699998, "CTR_MN_NM": "France", "XBRDR": 0.0, "UC_NM_MN": "Avignon" }, "geometry": { "type": "Point", "coordinates": [ 4.833061257572024, 43.934318892885777 ] } },
{ "type": "Feature", "properties": { "ID_HDC_G0": 2197.0, "QA2_1V": 1.0, "AREA": 69.0, "GCPNT_LAT": 47.317905513200003, "GCPNT_LON": 5.0430045446699996, "CTR_MN_NM": "France", "XBRDR": 0.0, "UC_NM_MN": "Dijon" }, "geometry": { "type": "Point", "coordinates": [ 5.043004544673432, 47.317905513200785 ] } },
{ "type": "Feature", "properties": { "ID_HDC_G0": 2198.0, "QA2_1V": 1.0, "AREA": 35.0, "GCPNT_LAT": 44.91757025, "GCPNT_LON": 4.89536909046, "CTR_MN_NM": "France", "XBRDR": 0.0, "UC_NM_MN": "Valence" }, "geometry": { "type": "Point", "coordinates": [ 4.89536909046202, 44.917570250033044 ] } },
{ "type": "Feature", "properties": { "ID_HDC_G0": 2199.0, "QA2_1V": 1.0, "AREA": 41.0, "GCPNT_LAT": 52.170515996600002, "GCPNT_LON": 5.3927548868299997, "CTR_MN_NM": "Netherlands", "XBRDR": 0.0, "UC_NM_MN": "Amersfoort" }, "geometry": { "type": "Point", "coordinates": [ 5.392754886828788, 52.170515996621667 ] } },
{ "type": "Feature", "properties": { "ID_HDC_G0": 2205.0, "QA2_1V": 1.0, "AREA": 104.0, "GCPNT_LAT": 51.444330453399999, "GCPNT_LON": 5.46513385073, "CTR_MN_NM": "Netherlands", "XBRDR": 0.0, "UC_NM_MN": "Eindhoven" }, "geometry": { "type": "Point", "coordinates": [ 5.465133850728468, 51.444330453407638 ] } },
{ "type": "Feature", "properties": { "ID_HDC_G0": 2208.0, "QA2_1V": 1.0, "AREA": 158.0, "GCPNT_LAT": 50.639099611100001, "GCPNT_LON": 5.5622296436200003, "CTR_MN_NM": "Belgium", "XBRDR": 0.0, "UC_NM_MN": "Liège" }, "geometry": { "type": "Point", "coordinates": [ 5.562229643624258, 50.63909961107376 ] } },
{ "type": "Feature", "properties": { "ID_HDC_G0": 2209.0, "QA2_1V": 1.0, "AREA": 18.0, "GCPNT_LAT": 52.0231719963, "GCPNT_LON": 5.5566406078600004, "CTR_MN_NM": "Netherlands", "XBRDR": 0.0, "UC_NM_MN": "Veenendaal" }, "geometry": { "type": "Point", "coordinates": [ 5.556640607856572, 52.023171996320578 ] } },
{ "type": "Feature", "properties": { "ID_HDC_G0": 2217.0, "QA2_1V": 1.0, "AREA": 24.0, "GCPNT_LAT": 53.199042572700002, "GCPNT_LON": 5.8093604124000002, "CTR_MN_NM": "Netherlands", "XBRDR": 0.0, "UC_NM_MN": "Leeuwarden" }, "geometry": { "type": "Point", "coordinates": [ 5.809360412399814, 53.199042572673598 ] } },
{ "type": "Feature", "properties": { "ID_HDC_G0": 2218.0, "QA2_1V": 1.0, "AREA": 23.0, "GCPNT_LAT": 51.473886194000002, "GCPNT_LON": 5.6701648170899999, "CTR_MN_NM": "Netherlands", "XBRDR": 0.0, "UC_NM_MN": "Helmond" }, "geometry": { "type": "Point", "coordinates": [ 5.670164817092534, 51.473886194049761 ] } },
{ "type": "Feature", "properties": { "ID_HDC_G0": 2219.0, "QA2_1V": 1.0, "AREA": 60.0, "GCPNT_LAT": 51.828602535599998, "GCPNT_LON": 5.8139001384100002, "CTR_MN_NM": "Netherlands", "XBRDR": 0.0, "UC_NM_MN": "Nijmegen" }, "geometry": { "type": "Point", "coordinates": [ 5.813900138408798, 51.828602535550672 ] } },
{ "type": "Feature", "properties": { "ID_HDC_G0": 2220.0, "QA2_1V": 1.0, "AREA": 41.0, "GCPNT_LAT": 50.8524872968, "GCPNT_LON": 5.7033647687500002, "CTR_MN_NM": "Netherlands", "XBRDR": 1.0, "UC_NM_MN": "Maastricht" }, "geometry": { "type": "Point", "coordinates": [ 5.70336476874836, 50.852487296782243 ] } },
{ "type": "Feature", "properties": { "ID_HDC_G0": 2221.0, "QA2_1V": 1.0, "AREA": 40.0, "GCPNT_LAT": 43.420504442499997, "GCPNT_LON": 5.2418572244200003, "CTR_MN_NM": "France", "XBRDR": 0.0, "UC_NM_MN": "Vitrolles" }, "geometry": { "type": "Point", "coordinates": [ 5.241857224417882, 43.420504442488337 ] } },
{ "type": "Feature", "properties": { "ID_HDC_G0": 2226.0, "QA2_1V": 1.0, "AREA": 87.0, "GCPNT_LAT": 51.965241262600003, "GCPNT_LON": 5.9300335095900003, "CTR_MN_NM": "Netherlands", "XBRDR": 0.0, "UC_NM_MN": "Arnhem" }, "geometry": { "type": "Point", "coordinates": [ 5.930033509591462, 51.965241262603271 ] } },
{ "type": "Feature", "properties": { "ID_HDC_G0": 2227.0, "QA2_1V": 1.0, "AREA": 29.0, "GCPNT_LAT": 50.968694267700002, "GCPNT_LON": 5.7991514018999997, "CTR_MN_NM": "Netherlands", "XBRDR": 0.0, "UC_NM_MN": "Sittard" }, "geometry": { "type": "Point", "coordinates": [ 5.799151401896408, 50.968694267727535 ] } },
{ "type": "Feature", "properties": { "ID_HDC_G0": 2228.0, "QA2_1V": 1.0, "AREA": 255.0, "GCPNT_LAT": 43.300696170199998, "GCPNT_LON": 5.4071617070300002, "CTR_MN_NM": "France", "XBRDR": 0.0, "UC_NM_MN": "Marseille" }, "geometry": { "type": "Point", "coordinates": [ 5.407161707029252, 43.300696170233103 ] } },
{ "type": "Feature", "properties": { "ID_HDC_G0": 2229.0, "QA2_1V": 1.0, "AREA": 39.0, "GCPNT_LAT": 52.208309181200001, "GCPNT_LON": 5.9728837127699999, "CTR_MN_NM": "Netherlands", "XBRDR": 0.0, "UC_NM_MN": "Apeldoorn" }, "geometry": { "type": "Point", "coordinates": [ 5.97288371277014, 52.208309181185633 ] } },
{ "type": "Feature", "properties": { "ID_HDC_G0": 2233.0, "QA2_1V": 1.0, "AREA": 36.0, "GCPNT_LAT": 52.512319631300002, "GCPNT_LON": 6.0922748041899997, "CTR_MN_NM": "Netherlands", "XBRDR": 0.0, "UC_NM_MN": "Zwolle" }, "geometry": { "type": "Point", "coordinates": [ 6.09227480418866, 52.512319631277521 ] } },
{ "type": "Feature", "properties": { "ID_HDC_G0": 2234.0, "QA2_1V": 1.0, "AREA": 28.0, "GCPNT_LAT": 43.5363502111, "GCPNT_LON": 5.4344361299299999, "CTR_MN_NM": "France", "XBRDR": 0.0, "UC_NM_MN": "Aix-en-Provence" }, "geometry": { "type": "Point", "coordinates": [ 5.434436129934764, 43.536350211134376 ] } },
{ "type": "Feature", "properties": { "ID_HDC_G0": 2235.0, "QA2_1V": 1.0, "AREA": 129.0, "GCPNT_LAT": 50.890966018999997, "GCPNT_LON": 6.0376545800399999, "CTR_MN_NM": "Netherlands", "XBRDR": 1.0, "UC_NM_MN": "Heerlen" }, "geometry": { "type": "Point", "coordinates": [ 6.037654580040036, 50.890966018963539 ] } },
{ "type": "Feature", "properties": { "ID_HDC_G0": 2244.0, "QA2_1V": 1.0, "AREA": 27.0, "GCPNT_LAT": 52.257189579600002, "GCPNT_LON": 6.1827903629299996, "CTR_MN_NM": "Netherlands", "XBRDR": 0.0, "UC_NM_MN": "Deventer" }, "geometry": { "type": "Point", "coordinates": [ 6.182790362926078, 52.257189579568646 ] } },
{ "type": "Feature", "properties": { "ID_HDC_G0": 2245.0, "QA2_1V": 1.0, "AREA": 79.0, "GCPNT_LAT": 50.7851980067, "GCPNT_LON": 6.1048435109600003, "CTR_MN_NM": "Germany", "XBRDR": 1.0, "UC_NM_MN": "Aachen" }, "geometry": { "type": "Point", "coordinates": [ 6.10484351096466, 50.785198006738902 ] } },
{ "type": "Feature", "properties": { "ID_HDC_G0": 2246.0, "QA2_1V": 1.0, "AREA": 84.0, "GCPNT_LAT": 45.185391100499999, "GCPNT_LON": 5.7256967597199999, "CTR_MN_NM": "France", "XBRDR": 0.0, "UC_NM_MN": "Grenoble" }, "geometry": { "type": "Point", "coordinates": [ 5.72569675971871, 45.185391100528037 ] } },
{ "type": "Feature", "properties": { "ID_HDC_G0": 2247.0, "QA2_1V": 1.0, "AREA": 32.0, "GCPNT_LAT": 51.367088291900004, "GCPNT_LON": 6.1552851442699996, "CTR_MN_NM": "Netherlands", "XBRDR": 0.0, "UC_NM_MN": "Venlo" }, "geometry": { "type": "Point", "coordinates": [ 6.155285144269914, 51.367088291886681 ] } },
{ "type": "Feature", "properties": { "ID_HDC_G0": 2253.0, "QA2_1V": 1.0, "AREA": 42.0, "GCPNT_LAT": 49.614322931300002, "GCPNT_LON": 6.1222301101500003, "CTR_MN_NM": "Luxembourg", "XBRDR": 0.0, "UC_NM_MN": "Luxembourg" }, "geometry": { "type": "Point", "coordinates": [ 6.122230110145882, 49.614322931259025 ] } },
{ "type": "Feature", "properties": { "ID_HDC_G0": 2256.0, "QA2_1V": 1.0, "AREA": 45.0, "GCPNT_LAT": 49.3362658518, "GCPNT_LON": 6.13957536772, "CTR_MN_NM": "France", "XBRDR": 0.0, "UC_NM_MN": "Thionville" }, "geometry": { "type": "Point", "coordinates": [ 6.139575367722332, 49.336265851769305 ] } },
{ "type": "Feature", "properties": { "ID_HDC_G0": 2258.0, "QA2_1V": 1.0, "AREA": 37.0, "GCPNT_LAT": 47.240191047300002, "GCPNT_LON": 6.0055672043600001, "CTR_MN_NM": "France", "XBRDR": 0.0, "UC_NM_MN": "Besançon" }, "geometry": { "type": "Point", "coordinates": [ 6.005567204363626, 47.240191047308521 ] } },
{ "type": "Feature", "properties": { "ID_HDC_G0": 2263.0, "QA2_1V": 1.0, "AREA": 53.0, "GCPNT_LAT": 49.119293408300003, "GCPNT_LON": 6.1779594901300001, "CTR_MN_NM": "France", "XBRDR": 0.0, "UC_NM_MN": "Metz" }, "geometry": { "type": "Point", "coordinates": [ 6.177959490125186, 49.1192934082665 ] } },
{ "type": "Feature", "properties": { "ID_HDC_G0": 2264.0, "QA2_1V": 1.0, "AREA": 29.0, "GCPNT_LAT": 45.580352739600002, "GCPNT_LON": 5.9173054285899997, "CTR_MN_NM": "France", "XBRDR": 0.0, "UC_NM_MN": "Chambéry" }, "geometry": { "type": "Point", "coordinates": [ 5.917305428592378, 45.580352739554861 ] } },
{ "type": "Feature", "properties": { "ID_HDC_G0": 2265.0, "QA2_1V": 1.0, "AREA": 210.0, "GCPNT_LAT": 43.117135718599997, "GCPNT_LON": 5.9107935398400002, "CTR_MN_NM": "France", "XBRDR": 0.0, "UC_NM_MN": "Toulon" }, "geometry": { "type": "Point", "coordinates": [ 5.910793539836872, 43.117135718579661 ] } },
{ "type": "Feature", "properties": { "ID_HDC_G0": 2268.0, "QA2_1V": 1.0, "AREA": 58.0, "GCPNT_LAT": 48.684439402099997, "GCPNT_LON": 6.1869706786599998, "CTR_MN_NM": "France", "XBRDR": 0.0, "UC_NM_MN": "Nancy" }, "geometry": { "type": "Point", "coordinates": [ 6.186970678658918, 48.684439402111721 ] } },
{ "type": "Feature", "properties": { "ID_HDC_G0": 2269.0, "QA2_1V": 1.0, "AREA": 44.0, "GCPNT_LAT": 53.219981041600001, "GCPNT_LON": 6.5756974231900003, "CTR_MN_NM": "Netherlands", "XBRDR": 0.0, "UC_NM_MN": "Groningen" }, "geometry": { "type": "Point", "coordinates": [ 6.575697423192292, 53.219981041573973 ] } },
{ "type": "Feature", "properties": { "ID_HDC_G0": 2272.0, "QA2_1V": 1.0, "AREA": 72.0, "GCPNT_LAT": 51.177672418199997, "GCPNT_LON": 6.4412275679200004, "CTR_MN_NM": "Germany", "XBRDR": 0.0, "UC_NM_MN": "Mönchengladbach" }, "geometry": { "type": "Point", "coordinates": [ 6.441227567922598, 51.177672418204097 ] } },
{ "type": "Feature", "properties": { "ID_HDC_G0": 2275.0, "QA2_1V": 1.0, "AREA": 104.0, "GCPNT_LAT": 46.205601329499999, "GCPNT_LON": 6.1493271973099999, "CTR_MN_NM": "Switzerland", "XBRDR": 1.0, "UC_NM_MN": "Geneva" }, "geometry": { "type": "Point", "coordinates": [ 6.149327197310742, 46.205601329516888 ] } },
{ "type": "Feature", "properties": { "ID_HDC_G0": 2276.0, "QA2_1V": 1.0, "AREA": 1315.0, "GCPNT_LAT": 51.488824335700002, "GCPNT_LON": 7.0681587409200004, "CTR_MN_NM": "Germany", "XBRDR": 0.0, "UC_NM_MN": "Dortmund" }, "geometry": { "type": "Point", "coordinates": [ 7.06815874092386, 51.488824335698354 ] } },
{ "type": "Feature", "properties": { "ID_HDC_G0": 2277.0, "QA2_1V": 1.0, "AREA": 29.0, "GCPNT_LAT": 50.805232676599999, "GCPNT_LON": 6.4759524540899998, "CTR_MN_NM": "Germany", "XBRDR": 0.0, "UC_NM_MN": "Duren" }, "geometry": { "type": "Point", "coordinates": [ 6.475952454085718, 50.805232676587629 ] } },
{ "type": "Feature", "properties": { "ID_HDC_G0": 2279.0, "QA2_1V": 1.0, "AREA": 34.0, "GCPNT_LAT": 52.357942759899998, "GCPNT_LON": 6.6424449399899999, "CTR_MN_NM": "Netherlands", "XBRDR": 0.0, "UC_NM_MN": "Almelo" }, "geometry": { "type": "Point", "coordinates": [ 6.642444939992748, 52.357942759860258 ] } },
{ "type": "Feature", "properties": { "ID_HDC_G0": 2280.0, "QA2_1V": 1.0, "AREA": 32.0, "GCPNT_LAT": 45.905780428699998, "GCPNT_LON": 6.1148430245499998, "CTR_MN_NM": "France", "XBRDR": 0.0, "UC_NM_MN": "Annecy" }, "geometry": { "type": "Point", "coordinates": [ 6.114843024550354, 45.905780428748493 ] } },
{ "type": "Feature", "properties": { "ID_HDC_G0": 2288.0, "QA2_1V": 1.0, "AREA": 221.0, "GCPNT_LAT": 51.220736023500002, "GCPNT_LON": 6.7743691547099996, "CTR_MN_NM": "Germany", "XBRDR": 0.0, "UC_NM_MN": "Dusseldorf" }, "geometry": { "type": "Point", "coordinates": [ 6.774369154710824, 51.220736023451728 ] } },
{ "type": "Feature", "properties": { "ID_HDC_G0": 2292.0, "QA2_1V": 1.0, "AREA": 35.0, "GCPNT_LAT": 52.275226718299997, "GCPNT_LON": 6.7893391109100003, "CTR_MN_NM": "Netherlands", "XBRDR": 0.0, "UC_NM_MN": "Hengelo" }, "geometry": { "type": "Point", "coordinates": [ 6.789339110913966, 52.275226718327097 ] } },
{ "type": "Feature", "properties": { "ID_HDC_G0": 2297.0, "QA2_1V": 1.0, "AREA": 25.0, "GCPNT_LAT": 49.744218746100003, "GCPNT_LON": 6.6346156074899998, "CTR_MN_NM": "Germany", "XBRDR": 0.0, "UC_NM_MN": "Trier" }, "geometry": { "type": "Point", "coordinates": [ 6.634615607491928, 49.744218746100138 ] } },
{ "type": "Feature", "properties": { "ID_HDC_G0": 2298.0, "QA2_1V": 1.0, "AREA": 43.0, "GCPNT_LAT": 52.215785354399998, "GCPNT_LON": 6.8924142326800002, "CTR_MN_NM": "Netherlands", "XBRDR": 0.0, "UC_NM_MN": "Enschede" }, "geometry": { "type": "Point", "coordinates": [ 6.892414232683994, 52.215785354378248 ] } },
{ "type": "Feature", "properties": { "ID_HDC_G0": 2310.0, "QA2_1V": 1.0, "AREA": 578.0, "GCPNT_LAT": 50.932960684100003, "GCPNT_LON": 6.9797173099699998, "CTR_MN_NM": "Germany", "XBRDR": 0.0, "UC_NM_MN": "Cologne" }, "geometry": { "type": "Point", "coordinates": [ 6.97971730996627, 50.932960684114597 ] } },
{ "type": "Feature", "properties": { "ID_HDC_G0": 2314.0, "QA2_1V": 1.0, "AREA": 73.0, "GCPNT_LAT": 46.5251202496, "GCPNT_LON": 6.6040449689100003, "CTR_MN_NM": "Switzerland", "XBRDR": 0.0, "UC_NM_MN": "Lausanne" }, "geometry": { "type": "Point", "coordinates": [ 6.604044968912224, 46.525120249634398 ] } },
{ "type": "Feature", "properties": { "ID_HDC_G0": 2317.0, "QA2_1V": 1.0, "AREA": 243.0, "GCPNT_LAT": 51.220955042299998, "GCPNT_LON": 7.0968364925299996, "CTR_MN_NM": "Germany", "XBRDR": 0.0, "UC_NM_MN": "Wuppertal" }, "geometry": { "type": "Point", "coordinates": [ 7.096836492528044, 51.220955042256683 ] } },
{ "type": "Feature", "properties": { "ID_HDC_G0": 2325.0, "QA2_1V": 1.0, "AREA": 65.0, "GCPNT_LAT": 49.2378147485, "GCPNT_LON": 6.9486375165499998, "CTR_MN_NM": "Germany", "XBRDR": 0.0, "UC_NM_MN": "Saarbruecken" }, "geometry": { "type": "Point", "coordinates": [ 6.948637516545278, 49.237814748495502 ] } },
{ "type": "Feature", "properties": { "ID_HDC_G0": 2329.0, "QA2_1V": 1.0, "AREA": 136.0, "GCPNT_LAT": 50.735960238600001, "GCPNT_LON": 7.1307311989400004, "CTR_MN_NM": "Germany", "XBRDR": 0.0, "UC_NM_MN": "Bonn" }, "geometry": { "type": "Point", "coordinates": [ 7.13073119893715, 50.73596023859875 ] } },
{ "type": "Feature", "properties": { "ID_HDC_G0": 2331.0, "QA2_1V": 1.0, "AREA": 32.0, "GCPNT_LAT": 47.496555744799998, "GCPNT_LON": 6.8208898090599996, "CTR_MN_NM": "France", "XBRDR": 0.0, "UC_NM_MN": "Montbéliard" }, "geometry": { "type": "Point", "coordinates": [ 6.820889809059062, 47.496555744776224 ] } },
{ "type": "Feature", "properties": { "ID_HDC_G0": 2334.0, "QA2_1V": 1.0, "AREA": 19.0, "GCPNT_LAT": 47.641430713600002, "GCPNT_LON": 6.8478081810999996, "CTR_MN_NM": "France", "XBRDR": 0.0, "UC_NM_MN": "Belfort" }, "geometry": { "type": "Point", "coordinates": [ 6.847808181098836, 47.641430713594119 ] } },
{ "type": "Feature", "properties": { "ID_HDC_G0": 2335.0, "QA2_1V": 1.0, "AREA": 24.0, "GCPNT_LAT": 51.183026771500003, "GCPNT_LON": 7.20677152808, "CTR_MN_NM": "Germany", "XBRDR": 0.0, "UC_NM_MN": "Remscheid" }, "geometry": { "type": "Point", "coordinates": [ 7.20677152807709, 51.183026771466935 ] } },
{ "type": "Feature", "properties": { "ID_HDC_G0": 2342.0, "QA2_1V": 1.0, "AREA": 30.0, "GCPNT_LAT": 46.456199303299996, "GCPNT_LON": 6.8695125866, "CTR_MN_NM": "Switzerland", "XBRDR": 0.0, "UC_NM_MN": "Montreux" }, "geometry": { "type": "Point", "coordinates": [ 6.869512586601656, 46.456199303288734 ] } },
{ "type": "Feature", "properties": { "ID_HDC_G0": 2353.0, "QA2_1V": 1.0, "AREA": 108.0, "GCPNT_LAT": 51.372852975699999, "GCPNT_LON": 7.5403874278299998, "CTR_MN_NM": "Germany", "XBRDR": 0.0, "UC_NM_MN": "Hagen" }, "geometry": { "type": "Point", "coordinates": [ 7.540387427825362, 51.37285297574099 ] } },
{ "type": "Feature", "properties": { "ID_HDC_G0": 2358.0, "QA2_1V": 1.0, "AREA": 28.0, "GCPNT_LAT": 50.430352537300003, "GCPNT_LON": 7.4435127804699999, "CTR_MN_NM": "Germany", "XBRDR": 0.0, "UC_NM_MN": "Neuwied" }, "geometry": { "type": "Point", "coordinates": [ 7.443512780467228, 50.430352537318306 ] } },
{ "type": "Feature", "properties": { "ID_HDC_G0": 2359.0, "QA2_1V": 1.0, "AREA": 78.0, "GCPNT_LAT": 51.949792859900001, "GCPNT_LON": 7.6276890993500004, "CTR_MN_NM": "Germany", "XBRDR": 0.0, "UC_NM_MN": "Münster" }, "geometry": { "type": "Point", "coordinates": [ 7.627689099350922, 51.949792859886749 ] } },
{ "type": "Feature", "properties": { "ID_HDC_G0": 2362.0, "QA2_1V": 1.0, "AREA": 19.0, "GCPNT_LAT": 46.800800516800003, "GCPNT_LON": 7.1469142982000005, "CTR_MN_NM": "Switzerland", "XBRDR": 0.0, "UC_NM_MN": "Freiburg im Üechtland" }, "geometry": { "type": "Point", "coordinates": [ 7.146914298199002, 46.800800516830712 ] } },
{ "type": "Feature", "properties": { "ID_HDC_G0": 2367.0, "QA2_1V": 1.0, "AREA": 73.0, "GCPNT_LAT": 47.762113226300002, "GCPNT_LON": 7.3412347477799997, "CTR_MN_NM": "France", "XBRDR": 0.0, "UC_NM_MN": "Mulhouse" }, "geometry": { "type": "Point", "coordinates": [ 7.341234747780068, 47.762113226315847 ] } },
{ "type": "Feature", "properties": { "ID_HDC_G0": 2368.0, "QA2_1V": 1.0, "AREA": 291.0, "GCPNT_LAT": 43.645999730100002, "GCPNT_LON": 7.1437462335, "CTR_MN_NM": "France", "XBRDR": 0.0, "UC_NM_MN": "Nice" }, "geometry": { "type": "Point", "coordinates": [ 7.143746233504102, 43.645999730089557 ] } },
{ "type": "Feature", "properties": { "ID_HDC_G0": 2369.0, "QA2_1V": 1.0, "AREA": 71.0, "GCPNT_LAT": 50.3736261369, "GCPNT_LON": 7.5808108969600001, "CTR_MN_NM": "Germany", "XBRDR": 0.0, "UC_NM_MN": "Koblenz" }, "geometry": { "type": "Point", "coordinates": [ 7.580810896956066, 50.373626136913281 ] } },
{ "type": "Feature", "properties": { "ID_HDC_G0": 2370.0, "QA2_1V": 1.0, "AREA": 18.0, "GCPNT_LAT": 47.139101904100002, "GCPNT_LON": 7.2565411666299999, "CTR_MN_NM": "Switzerland", "XBRDR": 0.0, "UC_NM_MN": "Biel/Bienne" }, "geometry": { "type": "Point", "coordinates": [ 7.256541166633238, 47.139101904053469 ] } },
{ "type": "Feature", "properties": { "ID_HDC_G0": 2372.0, "QA2_1V": 1.0, "AREA": 24.0, "GCPNT_LAT": 48.083998460700002, "GCPNT_LON": 7.3593455238500001, "CTR_MN_NM": "France", "XBRDR": 0.0, "UC_NM_MN": "Colmar" }, "geometry": { "type": "Point", "coordinates": [ 7.359345523849322, 48.083998460736296 ] } },
{ "type": "Feature", "properties": { "ID_HDC_G0": 2376.0, "QA2_1V": 1.0, "AREA": 33.0, "GCPNT_LAT": 51.677409378, "GCPNT_LON": 7.7830138947699998, "CTR_MN_NM": "Germany", "XBRDR": 0.0, "UC_NM_MN": "Hamm" }, "geometry": { "type": "Point", "coordinates": [ 7.783013894768014, 51.677409378019519 ] } },
{ "type": "Feature", "properties": { "ID_HDC_G0": 2384.0, "QA2_1V": 1.0, "AREA": 67.0, "GCPNT_LAT": 46.953427879000003, "GCPNT_LON": 7.4561419066400001, "CTR_MN_NM": "Switzerland", "XBRDR": 0.0, "UC_NM_MN": "Bern" }, "geometry": { "type": "Point", "coordinates": [ 7.45614190664157, 46.953427878972917 ] } },
{ "type": "Feature", "properties": { "ID_HDC_G0": 2389.0, "QA2_1V": 1.0, "AREA": 45.0, "GCPNT_LAT": 52.280382152199998, "GCPNT_LON": 8.0467927001100001, "CTR_MN_NM": "Germany", "XBRDR": 0.0, "UC_NM_MN": "Osnabrück" }, "geometry": { "type": "Point", "coordinates": [ 8.046792700114255, 52.28038215215679 ] } },
{ "type": "Feature", "properties": { "ID_HDC_G0": 2390.0, "QA2_1V": 1.0, "AREA": 25.0, "GCPNT_LAT": 49.441115714799999, "GCPNT_LON": 7.7467797236799996, "CTR_MN_NM": "Germany", "XBRDR": 0.0, "UC_NM_MN": "Kaiserslautern" }, "geometry": { "type": "Point", "coordinates": [ 7.746779723684764, 49.441115714755483 ] } },
{ "type": "Feature", "properties": { "ID_HDC_G0": 2392.0, "QA2_1V": 1.0, "AREA": 141.0, "GCPNT_LAT": 47.559037137600001, "GCPNT_LON": 7.6070660886199999, "CTR_MN_NM": "Switzerland", "XBRDR": 1.0, "UC_NM_MN": "Basel" }, "geometry": { "type": "Point", "coordinates": [ 7.607066088619016, 47.559037137611163 ] } },
{ "type": "Feature", "properties": { "ID_HDC_G0": 2394.0, "QA2_1V": 1.0, "AREA": 137.0, "GCPNT_LAT": 48.575169924199997, "GCPNT_LON": 7.74207489522, "CTR_MN_NM": "France", "XBRDR": 1.0, "UC_NM_MN": "Strasbourg" }, "geometry": { "type": "Point", "coordinates": [ 7.742074895219002, 48.575169924229485 ] } },
{ "type": "Feature", "properties": { "ID_HDC_G0": 2395.0, "QA2_1V": 1.0, "AREA": 62.0, "GCPNT_LAT": 53.1436534829, "GCPNT_LON": 8.2137762917000003, "CTR_MN_NM": "Germany", "XBRDR": 0.0, "UC_NM_MN": "Oldenburg" }, "geometry": { "type": "Point", "coordinates": [ 8.213776291697839, 53.143653482947343 ] } },
{ "type": "Feature", "properties": { "ID_HDC_G0": 2401.0, "QA2_1V": 1.0, "AREA": 23.0, "GCPNT_LAT": 50.8863964612, "GCPNT_LON": 8.0216084180700005, "CTR_MN_NM": "Germany", "XBRDR": 0.0, "UC_NM_MN": "Siegen" }, "geometry": { "type": "Point", "coordinates": [ 8.02160841807247, 50.886396461236792 ] } },
{ "type": "Feature", "properties": { "ID_HDC_G0": 2402.0, "QA2_1V": 1.0, "AREA": 27.0, "GCPNT_LAT": 46.758451402399999, "GCPNT_LON": 7.6177648381900003, "CTR_MN_NM": "Switzerland", "XBRDR": 0.0, "UC_NM_MN": "Thun" }, "geometry": { "type": "Point", "coordinates": [ 7.617764838191998, 46.758451402391962 ] } },
{ "type": "Feature", "properties": { "ID_HDC_G0": 2405.0, "QA2_1V": 1.0, "AREA": 207.0, "GCPNT_LAT": 45.071255884000003, "GCPNT_LON": 7.65076507734, "CTR_MN_NM": "Italy", "XBRDR": 0.0, "UC_NM_MN": "Turin" }, "geometry": { "type": "Point", "coordinates": [ 7.650765077340782, 45.071255883995583 ] } },
{ "type": "Feature", "properties": { "ID_HDC_G0": 2406.0, "QA2_1V": 1.0, "AREA": 15.0, "GCPNT_LAT": 43.7354348454, "GCPNT_LON": 7.4200673181400001, "CTR_MN_NM": "France", "XBRDR": 1.0, "UC_NM_MN": "Monaco" }, "geometry": { "type": "Point", "coordinates": [ 7.420067318142134, 43.735434845381647 ] } },
{ "type": "Feature", "properties": { "ID_HDC_G0": 2408.0, "QA2_1V": 1.0, "AREA": 49.0, "GCPNT_LAT": 48.002393167999998, "GCPNT_LON": 7.8364860668, "CTR_MN_NM": "Germany", "XBRDR": 0.0, "UC_NM_MN": "Freiburg im Breisgau" }, "geometry": { "type": "Point", "coordinates": [ 7.836486066795906, 48.002393167998534 ] } },
{ "type": "Feature", "properties": { "ID_HDC_G0": 2417.0, "QA2_1V": 1.0, "AREA": 54.0, "GCPNT_LAT": 53.559573184599998, "GCPNT_LON": 8.5767091662299997, "CTR_MN_NM": "Germany", "XBRDR": 0.0, "UC_NM_MN": "Bremerhaven" }, "geometry": { "type": "Point", "coordinates": [ 8.5767091662302, 53.559573184622913 ] } },
{ "type": "Feature", "properties": { "ID_HDC_G0": 2418.0, "QA2_1V": 1.0, "AREA": 26.0, "GCPNT_LAT": 47.324330354799997, "GCPNT_LON": 7.9145881041599999, "CTR_MN_NM": "Switzerland", "XBRDR": 0.0, "UC_NM_MN": "Olten" }, "geometry": { "type": "Point", "coordinates": [ 7.914588104159408, 47.324330354807522 ] } },
{ "type": "Feature", "properties": { "ID_HDC_G0": 2420.0, "QA2_1V": 1.0, "AREA": 23.0, "GCPNT_LAT": 51.903900634499998, "GCPNT_LON": 8.3891421342099992, "CTR_MN_NM": "Germany", "XBRDR": 0.0, "UC_NM_MN": "Gütersloh" }, "geometry": { "type": "Point", "coordinates": [ 8.38914213421431, 51.903900634519395 ] } },
{ "type": "Feature", "properties": { "ID_HDC_G0": 2422.0, "QA2_1V": 1.0, "AREA": 21.0, "GCPNT_LAT": 53.180027246400002, "GCPNT_LON": 8.6021901431599996, "CTR_MN_NM": "Germany", "XBRDR": 0.0, "UC_NM_MN": "Lemwerder" }, "geometry": { "type": "Point", "coordinates": [ 8.602190143159659, 53.180027246377385 ] } },
{ "type": "Feature", "properties": { "ID_HDC_G0": 2423.0, "QA2_1V": 1.0, "AREA": 128.0, "GCPNT_LAT": 50.018173744899997, "GCPNT_LON": 8.2448939476500005, "CTR_MN_NM": "Germany", "XBRDR": 0.0, "UC_NM_MN": "Wiesbaden" }, "geometry": { "type": "Point", "coordinates": [ 8.244893947646258, 50.018173744885829 ] } },
{ "type": "Feature", "properties": { "ID_HDC_G0": 2429.0, "QA2_1V": 1.0, "AREA": 63.0, "GCPNT_LAT": 63.4000454627, "GCPNT_LON": 10.4020559305, "CTR_MN_NM": "Norway", "XBRDR": 0.0, "UC_NM_MN": "Trondheim" }, "geometry": { "type": "Point", "coordinates": [ 10.40205593054222, 63.400045462678698 ] } },
{ "type": "Feature", "properties": { "ID_HDC_G0": 2431.0, "QA2_1V": 1.0, "AREA": 28.0, "GCPNT_LAT": 53.046190787999997, "GCPNT_LON": 8.6370170127399994, "CTR_MN_NM": "Germany", "XBRDR": 0.0, "UC_NM_MN": "Delmenhorst" }, "geometry": { "type": "Point", "coordinates": [ 8.637017012735681, 53.046190788006186 ] } },
{ "type": "Feature", "properties": { "ID_HDC_G0": 2432.0, "QA2_1V": 1.0, "AREA": 91.0, "GCPNT_LAT": 52.020488348000001, "GCPNT_LON": 8.5531304409099995, "CTR_MN_NM": "Germany", "XBRDR": 0.0, "UC_NM_MN": "Bielefeld" }, "geometry": { "type": "Point", "coordinates": [ 8.553130440911508, 52.020488347976404 ] } },
{ "type": "Feature", "properties": { "ID_HDC_G0": 2437.0, "QA2_1V": 1.0, "AREA": 44.0, "GCPNT_LAT": 43.823573543199998, "GCPNT_LON": 7.80231000685, "CTR_MN_NM": "Italy", "XBRDR": 0.0, "UC_NM_MN": "Sanremo" }, "geometry": { "type": "Point", "coordinates": [ 7.802310006849442, 43.823573543193639 ] } },
{ "type": "Feature", "properties": { "ID_HDC_G0": 2439.0, "QA2_1V": 1.0, "AREA": 151.0, "GCPNT_LAT": 53.079214920200002, "GCPNT_LON": 8.8327894488500007, "CTR_MN_NM": "Germany", "XBRDR": 0.0, "UC_NM_MN": "Bremen" }, "geometry": { "type": "Point", "coordinates": [ 8.832789448845306, 53.079214920236062 ] } },
{ "type": "Feature", "properties": { "ID_HDC_G0": 2440.0, "QA2_1V": 1.0, "AREA": 36.0, "GCPNT_LAT": 49.989658022999997, "GCPNT_LON": 8.4238550534699996, "CTR_MN_NM": "Germany", "XBRDR": 0.0, "UC_NM_MN": "Rüsselsheim am Main" }, "geometry": { "type": "Point", "coordinates": [ 8.423855053471659, 49.989658022972741 ] } },
{ "type": "Feature", "properties": { "ID_HDC_G0": 2441.0, "QA2_1V": 1.0, "AREA": 120.0, "GCPNT_LAT": 49.015063377799997, "GCPNT_LON": 8.3909503109300001, "CTR_MN_NM": "Germany", "XBRDR": 0.0, "UC_NM_MN": "Karlsruhe" }, "geometry": { "type": "Point", "coordinates": [ 8.390950310927941, 49.01506337779557 ] } },
{ "type": "Feature", "properties": { "ID_HDC_G0": 2442.0, "QA2_1V": 1.0, "AREA": 194.0, "GCPNT_LAT": 49.490477846899999, "GCPNT_LON": 8.4670643731199995, "CTR_MN_NM": "Germany", "XBRDR": 0.0, "UC_NM_MN": "Mannheim" }, "geometry": { "type": "Point", "coordinates": [ 8.467064373118484, 49.490477846869815 ] } },
{ "type": "Feature", "properties": { "ID_HDC_G0": 2445.0, "QA2_1V": 1.0, "AREA": 304.0, "GCPNT_LAT": 50.120630598399998, "GCPNT_LON": 8.6816642367199996, "CTR_MN_NM": "Germany", "XBRDR": 0.0, "UC_NM_MN": "Frankfurt am Main" }, "geometry": { "type": "Point", "coordinates": [ 8.681664236722186, 50.120630598438737 ] } },
{ "type": "Feature", "properties": { "ID_HDC_G0": 2448.0, "QA2_1V": 1.0, "AREA": 39.0, "GCPNT_LAT": 51.72805795, "GCPNT_LON": 8.7474237431600006, "CTR_MN_NM": "Germany", "XBRDR": 0.0, "UC_NM_MN": "Paderborn" }, "geometry": { "type": "Point", "coordinates": [ 8.747423743161821, 51.728057949953879 ] } },
{ "type": "Feature", "properties": { "ID_HDC_G0": 2449.0, "QA2_1V": 1.0, "AREA": 19.0, "GCPNT_LAT": 47.478531954700003, "GCPNT_LON": 8.2985754957700006, "CTR_MN_NM": "Switzerland", "XBRDR": 0.0, "UC_NM_MN": "Wettingen" }, "geometry": { "type": "Point", "coordinates": [ 8.298575495773612, 47.478531954713539 ] } },
{ "type": "Feature", "properties": { "ID_HDC_G0": 2452.0, "QA2_1V": 1.0, "AREA": 26.0, "GCPNT_LAT": 50.031122658100003, "GCPNT_LON": 8.57075724219, "CTR_MN_NM": "Germany", "XBRDR": 0.0, "UC_NM_MN": "Mörfelden-Walldorf" }, "geometry": { "type": "Point", "coordinates": [ 8.570757242188339, 50.031122658051615 ] } },
{ "type": "Feature", "properties": { "ID_HDC_G0": 2458.0, "QA2_1V": 1.0, "AREA": 26.0, "GCPNT_LAT": 50.584820570799998, "GCPNT_LON": 8.6813707432899996, "CTR_MN_NM": "Germany", "XBRDR": 0.0, "UC_NM_MN": "Gießen" }, "geometry": { "type": "Point", "coordinates": [ 8.681370743285198, 50.584820570771733 ] } },
{ "type": "Feature", "properties": { "ID_HDC_G0": 2459.0, "QA2_1V": 1.0, "AREA": 49.0, "GCPNT_LAT": 47.057030740999998, "GCPNT_LON": 8.3036431462899998, "CTR_MN_NM": "Switzerland", "XBRDR": 0.0, "UC_NM_MN": "Lucerne" }, "geometry": { "type": "Point", "coordinates": [ 8.30364314629275, 47.057030741009704 ] } },
{ "type": "Feature", "properties": { "ID_HDC_G0": 2461.0, "QA2_1V": 1.0, "AREA": 39.0, "GCPNT_LAT": 49.884260080499999, "GCPNT_LON": 8.6428012483599996, "CTR_MN_NM": "Germany", "XBRDR": 0.0, "UC_NM_MN": "Darmstadt" }, "geometry": { "type": "Point", "coordinates": [ 8.642801248363064, 49.884260080516519 ] } },
{ "type": "Feature", "properties": { "ID_HDC_G0": 2463.0, "QA2_1V": 1.0, "AREA": 257.0, "GCPNT_LAT": 47.356464311499998, "GCPNT_LON": 8.5617402288700006, "CTR_MN_NM": "Switzerland", "XBRDR": 0.0, "UC_NM_MN": "Zurich" }, "geometry": { "type": "Point", "coordinates": [ 8.561740228866674, 47.35646431154268 ] } },
{ "type": "Feature", "properties": { "ID_HDC_G0": 2467.0, "QA2_1V": 1.0, "AREA": 66.0, "GCPNT_LAT": 49.386506818599997, "GCPNT_LON": 8.6654708096299995, "CTR_MN_NM": "Germany", "XBRDR": 0.0, "UC_NM_MN": "Heidelberg" }, "geometry": { "type": "Point", "coordinates": [ 8.665470809630868, 49.386506818551801 ] } },
{ "type": "Feature", "properties": { "ID_HDC_G0": 2469.0, "QA2_1V": 1.0, "AREA": 10.0, "GCPNT_LAT": 44.9009880865, "GCPNT_LON": 8.2082353182599999, "CTR_MN_NM": "Italy", "XBRDR": 0.0, "UC_NM_MN": "Asti" }, "geometry": { "type": "Point", "coordinates": [ 8.208235318255372, 44.900988086531108 ] } },
{ "type": "Feature", "properties": { "ID_HDC_G0": 2474.0, "QA2_1V": 1.0, "AREA": 38.0, "GCPNT_LAT": 54.787946743799999, "GCPNT_LON": 9.4303478072000004, "CTR_MN_NM": "Germany", "XBRDR": 0.0, "UC_NM_MN": "Flensburg" }, "geometry": { "type": "Point", "coordinates": [ 9.430347807204376, 54.787946743820235 ] } },
{ "type": "Feature", "properties": { "ID_HDC_G0": 2475.0, "QA2_1V": 1.0, "AREA": 25.0, "GCPNT_LAT": 47.181688015799999, "GCPNT_LON": 8.5012911135200007, "CTR_MN_NM": "Switzerland", "XBRDR": 0.0, "UC_NM_MN": "Zug" }, "geometry": { "type": "Point", "coordinates": [ 8.501291113520438, 47.181688015753743 ] } },
{ "type": "Feature", "properties": { "ID_HDC_G0": 2477.0, "QA2_1V": 1.0, "AREA": 32.0, "GCPNT_LAT": 48.892452490399997, "GCPNT_LON": 8.6923443920899999, "CTR_MN_NM": "Germany", "XBRDR": 0.0, "UC_NM_MN": "Pforzheim" }, "geometry": { "type": "Point", "coordinates": [ 8.692344392087763, 48.892452490367489 ] } },
{ "type": "Feature", "properties": { "ID_HDC_G0": 2486.0, "QA2_1V": 1.0, "AREA": 49.0, "GCPNT_LAT": 57.041089916799997, "GCPNT_LON": 9.9242628709500007, "CTR_MN_NM": "Denmark", "XBRDR": 0.0, "UC_NM_MN": "Aalborg" }, "geometry": { "type": "Point", "coordinates": [ 9.924262870946849, 57.041089916750195 ] } },
{ "type": "Feature", "properties": { "ID_HDC_G0": 2493.0, "QA2_1V": 1.0, "AREA": 242.0, "GCPNT_LAT": 59.908232085400002, "GCPNT_LON": 10.7432484537, "CTR_MN_NM": "Norway", "XBRDR": 0.0, "UC_NM_MN": "Oslo" }, "geometry": { "type": "Point", "coordinates": [ 10.743248453725672, 59.908232085366912 ] } },
{ "type": "Feature", "properties": { "ID_HDC_G0": 2494.0, "QA2_1V": 1.0, "AREA": 29.0, "GCPNT_LAT": 47.502384818700001, "GCPNT_LON": 8.7411819571600002, "CTR_MN_NM": "Switzerland", "XBRDR": 0.0, "UC_NM_MN": "Winterthur" }, "geometry": { "type": "Point", "coordinates": [ 8.741181957161412, 47.502384818719811 ] } },
{ "type": "Feature", "properties": { "ID_HDC_G0": 2501.0, "QA2_1V": 1.0, "AREA": 28.0, "GCPNT_LAT": 44.299763667299999, "GCPNT_LON": 8.4725206108299993, "CTR_MN_NM": "Italy", "XBRDR": 0.0, "UC_NM_MN": "Savona" }, "geometry": { "type": "Point", "coordinates": [ 8.472520610825628, 44.299763667309449 ] } },
{ "type": "Feature", "properties": { "ID_HDC_G0": 2502.0, "QA2_1V": 1.0, "AREA": 40.0, "GCPNT_LAT": 49.978306523299999, "GCPNT_LON": 9.1489817048299997, "CTR_MN_NM": "Germany", "XBRDR": 0.0, "UC_NM_MN": "Aschaffenburg" }, "geometry": { "type": "Point", "coordinates": [ 9.148981704831211, 49.978306523269005 ] } },
{ "type": "Feature", "properties": { "ID_HDC_G0": 2504.0, "QA2_1V": 1.0, "AREA": 20.0, "GCPNT_LAT": 45.444524381500003, "GCPNT_LON": 8.6240104252999998, "CTR_MN_NM": "Italy", "XBRDR": 0.0, "UC_NM_MN": "Novara" }, "geometry": { "type": "Point", "coordinates": [ 8.624010425301996, 45.444524381476761 ] } },
{ "type": "Feature", "properties": { "ID_HDC_G0": 2506.0, "QA2_1V": 1.0, "AREA": 26.0, "GCPNT_LAT": 48.696277873200003, "GCPNT_LON": 9.0065745131499995, "CTR_MN_NM": "Germany", "XBRDR": 0.0, "UC_NM_MN": "Sindelfingen" }, "geometry": { "type": "Point", "coordinates": [ 9.006574513149054, 48.696277873150329 ] } },
{ "type": "Feature", "properties": { "ID_HDC_G0": 2507.0, "QA2_1V": 1.0, "AREA": 14.0, "GCPNT_LAT": 44.908226113700003, "GCPNT_LON": 8.6119165228500005, "CTR_MN_NM": "Italy", "XBRDR": 0.0, "UC_NM_MN": "Alessandria" }, "geometry": { "type": "Point", "coordinates": [ 8.611916522850176, 44.90822611370946 ] } },
{ "type": "Feature", "properties": { "ID_HDC_G0": 2514.0, "QA2_1V": 1.0, "AREA": 330.0, "GCPNT_LAT": 48.806706041799998, "GCPNT_LON": 9.2026675742700004, "CTR_MN_NM": "Germany", "XBRDR": 0.0, "UC_NM_MN": "Stuttgart" }, "geometry": { "type": "Point", "coordinates": [ 9.202667574267764, 48.806706041832143 ] } },
{ "type": "Feature", "properties": { "ID_HDC_G0": 2516.0, "QA2_1V": 1.0, "AREA": 18.0, "GCPNT_LAT": 48.521007431000001, "GCPNT_LON": 9.0599458093099994, "CTR_MN_NM": "Germany", "XBRDR": 0.0, "UC_NM_MN": "Tübingen" }, "geometry": { "type": "Point", "coordinates": [ 9.059945809309475, 48.521007431002559 ] } },
{ "type": "Feature", "properties": { "ID_HDC_G0": 2518.0, "QA2_1V": 1.0, "AREA": 83.0, "GCPNT_LAT": 56.156692801699997, "GCPNT_LON": 10.1904511176, "CTR_MN_NM": "Denmark", "XBRDR": 0.0, "UC_NM_MN": "Aarhus" }, "geometry": { "type": "Point", "coordinates": [ 10.190451117577062, 56.15669280173524 ] } },
{ "type": "Feature", "properties": { "ID_HDC_G0": 2519.0, "QA2_1V": 1.0, "AREA": 53.0, "GCPNT_LAT": 45.675343265800002, "GCPNT_LON": 8.8012988907299992, "CTR_MN_NM": "Italy", "XBRDR": 0.0, "UC_NM_MN": "Gallarate" }, "geometry": { "type": "Point", "coordinates": [ 8.801298890732568, 45.675343265769662 ] } },
{ "type": "Feature", "properties": { "ID_HDC_G0": 2521.0, "QA2_1V": 1.0, "AREA": 33.0, "GCPNT_LAT": 45.827481718100003, "GCPNT_LON": 8.8302161619799993, "CTR_MN_NM": "Italy", "XBRDR": 0.0, "UC_NM_MN": "Varese" }, "geometry": { "type": "Point", "coordinates": [ 8.830216161984556, 45.827481718061705 ] } },
{ "type": "Feature", "properties": { "ID_HDC_G0": 2523.0, "QA2_1V": 1.0, "AREA": 215.0, "GCPNT_LAT": 52.385382476099998, "GCPNT_LON": 9.7492311257199997, "CTR_MN_NM": "Germany", "XBRDR": 0.0, "UC_NM_MN": "Hanover" }, "geometry": { "type": "Point", "coordinates": [ 9.749231125718747, 52.385382476127972 ] } },
{ "type": "Feature", "properties": { "ID_HDC_G0": 2524.0, "QA2_1V": 1.0, "AREA": 85.0, "GCPNT_LAT": 51.311018394599998, "GCPNT_LON": 9.4931459228099992, "CTR_MN_NM": "Germany", "XBRDR": 0.0, "UC_NM_MN": "Kassel" }, "geometry": { "type": "Point", "coordinates": [ 9.493145922811051, 51.311018394644115 ] } },
{ "type": "Feature", "properties": { "ID_HDC_G0": 2527.0, "QA2_1V": 1.0, "AREA": 51.0, "GCPNT_LAT": 49.172660202199999, "GCPNT_LON": 9.2114192507200006, "CTR_MN_NM": "Germany", "XBRDR": 0.0, "UC_NM_MN": "Heilbronn" }, "geometry": { "type": "Point", "coordinates": [ 9.211419250716061, 49.172660202238767 ] } },
{ "type": "Feature", "properties": { "ID_HDC_G0": 2529.0, "QA2_1V": 1.0, "AREA": 99.0, "GCPNT_LAT": 45.606334511599997, "GCPNT_LON": 8.9024526391900007, "CTR_MN_NM": "Italy", "XBRDR": 0.0, "UC_NM_MN": "Busto Arsizio" }, "geometry": { "type": "Point", "coordinates": [ 8.90245263918926, 45.606334511630195 ] } },
{ "type": "Feature", "properties": { "ID_HDC_G0": 2531.0, "QA2_1V": 1.0, "AREA": 519.0, "GCPNT_LAT": 53.574104269099998, "GCPNT_LON": 9.9936222615800006, "CTR_MN_NM": "Germany", "XBRDR": 0.0, "UC_NM_MN": "Hamburg" }, "geometry": { "type": "Point", "coordinates": [ 9.993622261583768, 53.574104269060847 ] } },
{ "type": "Feature", "properties": { "ID_HDC_G0": 2532.0, "QA2_1V": 1.0, "AREA": 48.0, "GCPNT_LAT": 48.7075226567, "GCPNT_LON": 9.2229427726700006, "CTR_MN_NM": "Germany", "XBRDR": 0.0, "UC_NM_MN": "Echterdingen" }, "geometry": { "type": "Point", "coordinates": [ 9.222942772666928, 48.707522656714218 ] } },
{ "type": "Feature", "properties": { "ID_HDC_G0": 2533.0, "QA2_1V": 1.0, "AREA": 49.0, "GCPNT_LAT": 48.4959755999, "GCPNT_LON": 9.2021201264699997, "CTR_MN_NM": "Germany", "XBRDR": 0.0, "UC_NM_MN": "Reutlingen" }, "geometry": { "type": "Point", "coordinates": [ 9.202120126474249, 48.495975599854845 ] } },
{ "type": "Feature", "properties": { "ID_HDC_G0": 2535.0, "QA2_1V": 1.0, "AREA": 107.0, "GCPNT_LAT": 44.418418795800001, "GCPNT_LON": 8.9172565216800006, "CTR_MN_NM": "Italy", "XBRDR": 0.0, "UC_NM_MN": "Genoa" }, "geometry": { "type": "Point", "coordinates": [ 8.917256521681574, 44.418418795833347 ] } },
{ "type": "Feature", "properties": { "ID_HDC_G0": 2538.0, "QA2_1V": 1.0, "AREA": 12.0, "GCPNT_LAT": 45.315309544599998, "GCPNT_LON": 8.8561790338600002, "CTR_MN_NM": "Italy", "XBRDR": 0.0, "UC_NM_MN": "Vigevano" }, "geometry": { "type": "Point", "coordinates": [ 8.85617903386011, 45.315309544553614 ] } },
{ "type": "Feature", "properties": { "ID_HDC_G0": 2543.0, "QA2_1V": 1.0, "AREA": 25.0, "GCPNT_LAT": 46.011911812100003, "GCPNT_LON": 8.9520917843800003, "CTR_MN_NM": "Switzerland", "XBRDR": 0.0, "UC_NM_MN": "Lugano" }, "geometry": { "type": "Point", "coordinates": [ 8.952091784383365, 46.011911812064291 ] } },
{ "type": "Feature", "properties": { "ID_HDC_G0": 2549.0, "QA2_1V": 1.0, "AREA": 33.0, "GCPNT_LAT": 47.667011960300002, "GCPNT_LON": 9.1828175188200003, "CTR_MN_NM": "Germany", "XBRDR": 1.0, "UC_NM_MN": "Constance" }, "geometry": { "type": "Point", "coordinates": [ 9.182817518819347, 47.66701196025339 ] } },
{ "type": "Feature", "properties": { "ID_HDC_G0": 2554.0, "QA2_1V": 1.0, "AREA": 80.0, "GCPNT_LAT": 54.341003178400001, "GCPNT_LON": 10.1267530115, "CTR_MN_NM": "Germany", "XBRDR": 0.0, "UC_NM_MN": "Kiel" }, "geometry": { "type": "Point", "coordinates": [ 10.126753011476225, 54.341003178355265 ] } },
{ "type": "Feature", "properties": { "ID_HDC_G0": 2556.0, "QA2_1V": 1.0, "AREA": 22.0, "GCPNT_LAT": 40.728251825599997, "GCPNT_LON": 8.5568763293399996, "CTR_MN_NM": "Italy", "XBRDR": 0.0, "UC_NM_MN": "Sassari" }, "geometry": { "type": "Point", "coordinates": [ 8.556876329341312, 40.728251825606002 ] } },
{ "type": "Feature", "properties": { "ID_HDC_G0": 2559.0, "QA2_1V": 1.0, "AREA": 754.0, "GCPNT_LAT": 45.544634071799997, "GCPNT_LON": 9.1899412003399998, "CTR_MN_NM": "Italy", "XBRDR": 0.0, "UC_NM_MN": "Milan" }, "geometry": { "type": "Point", "coordinates": [ 9.189941200341138, 45.544634071762687 ] } },
{ "type": "Feature", "properties": { "ID_HDC_G0": 2560.0, "QA2_1V": 1.0, "AREA": 41.0, "GCPNT_LAT": 45.783141327000003, "GCPNT_LON": 9.0730052973, "CTR_MN_NM": "Italy", "XBRDR": 0.0, "UC_NM_MN": "Como" }, "geometry": { "type": "Point", "coordinates": [ 9.073005297297756, 45.783141327044163 ] } },
{ "type": "Feature", "properties": { "ID_HDC_G0": 2563.0, "QA2_1V": 1.0, "AREA": 27.0, "GCPNT_LAT": 41.927480403700002, "GCPNT_LON": 8.7442192421100007, "CTR_MN_NM": "France", "XBRDR": 0.0, "UC_NM_MN": "Ajaccio" }, "geometry": { "type": "Point", "coordinates": [ 8.74421924211034, 41.927480403675879 ] } },
{ "type": "Feature", "properties": { "ID_HDC_G0": 2564.0, "QA2_1V": 1.0, "AREA": 65.0, "GCPNT_LAT": 55.395146189199998, "GCPNT_LON": 10.3854080202, "CTR_MN_NM": "Denmark", "XBRDR": 0.0, "UC_NM_MN": "Odense" }, "geometry": { "type": "Point", "coordinates": [ 10.385408020199513, 55.395146189246944 ] } },
{ "type": "Feature", "properties": { "ID_HDC_G0": 2567.0, "QA2_1V": 1.0, "AREA": 24.0, "GCPNT_LAT": 50.550113775500002, "GCPNT_LON": 9.6934508331899991, "CTR_MN_NM": "Germany", "XBRDR": 0.0, "UC_NM_MN": "Fulda" }, "geometry": { "type": "Point", "coordinates": [ 9.69345083319225, 50.550113775487603 ] } },
{ "type": "Feature", "properties": { "ID_HDC_G0": 2572.0, "QA2_1V": 1.0, "AREA": 25.0, "GCPNT_LAT": 47.431099472699998, "GCPNT_LON": 9.3713669157700004, "CTR_MN_NM": "Switzerland", "XBRDR": 0.0, "UC_NM_MN": "Sankt Gallen" }, "geometry": { "type": "Point", "coordinates": [ 9.371366915770457, 47.431099472688189 ] } },
{ "type": "Feature", "properties": { "ID_HDC_G0": 2575.0, "QA2_1V": 1.0, "AREA": 25.0, "GCPNT_LAT": 52.156317707200003, "GCPNT_LON": 9.9461023974200007, "CTR_MN_NM": "Germany", "XBRDR": 0.0, "UC_NM_MN": "Hildesheim" }, "geometry": { "type": "Point", "coordinates": [ 9.946102397418173, 52.156317707170309 ] } },
{ "type": "Feature", "properties": { "ID_HDC_G0": 2584.0, "QA2_1V": 1.0, "AREA": 30.0, "GCPNT_LAT": 53.488996534899997, "GCPNT_LON": 10.208030425700001, "CTR_MN_NM": "Germany", "XBRDR": 0.0, "UC_NM_MN": "Reinbek" }, "geometry": { "type": "Point", "coordinates": [ 10.208030425737993, 53.488996534939723 ] } },
{ "type": "Feature", "properties": { "ID_HDC_G0": 2585.0, "QA2_1V": 1.0, "AREA": 30.0, "GCPNT_LAT": 51.537970595700003, "GCPNT_LON": 9.9230081325599997, "CTR_MN_NM": "Germany", "XBRDR": 0.0, "UC_NM_MN": "Göttingen" }, "geometry": { "type": "Point", "coordinates": [ 9.92300813255552, 51.537970595683838 ] } },
{ "type": "Feature", "properties": { "ID_HDC_G0": 2586.0, "QA2_1V": 1.0, "AREA": 20.0, "GCPNT_LAT": 45.191433926899997, "GCPNT_LON": 9.163734603, "CTR_MN_NM": "Italy", "XBRDR": 0.0, "UC_NM_MN": "Pavia" }, "geometry": { "type": "Point", "coordinates": [ 9.163734602995916, 45.191433926854828 ] } },
{ "type": "Feature", "properties": { "ID_HDC_G0": 2594.0, "QA2_1V": 1.0, "AREA": 25.0, "GCPNT_LAT": 48.698838328699999, "GCPNT_LON": 9.6678770784699992, "CTR_MN_NM": "Germany", "XBRDR": 0.0, "UC_NM_MN": "Göppingen" }, "geometry": { "type": "Point", "coordinates": [ 9.667877078466679, 48.698838328711879 ] } },
{ "type": "Feature", "properties": { "ID_HDC_G0": 2605.0, "QA2_1V": 1.0, "AREA": 21.0, "GCPNT_LAT": 45.848787733999998, "GCPNT_LON": 9.3918990438299996, "CTR_MN_NM": "Italy", "XBRDR": 0.0, "UC_NM_MN": "Lecco" }, "geometry": { "type": "Point", "coordinates": [ 9.391899043830159, 45.848787733991095 ] } },
{ "type": "Feature", "properties": { "ID_HDC_G0": 2612.0, "QA2_1V": 1.0, "AREA": 49.0, "GCPNT_LAT": 49.796580892100003, "GCPNT_LON": 9.9334234597800002, "CTR_MN_NM": "Germany", "XBRDR": 0.0, "UC_NM_MN": "Würzburg" }, "geometry": { "type": "Point", "coordinates": [ 9.933423459783004, 49.796580892114392 ] } },
{ "type": "Feature", "properties": { "ID_HDC_G0": 2621.0, "QA2_1V": 1.0, "AREA": 28.0, "GCPNT_LAT": 53.255406793100001, "GCPNT_LON": 10.4275855322, "CTR_MN_NM": "Germany", "XBRDR": 0.0, "UC_NM_MN": "Lüneburg" }, "geometry": { "type": "Point", "coordinates": [ 10.427585532197478, 53.255406793090764 ] } },
{ "type": "Feature", "properties": { "ID_HDC_G0": 2630.0, "QA2_1V": 1.0, "AREA": 63.0, "GCPNT_LAT": 53.869993794400003, "GCPNT_LON": 10.6746641563, "CTR_MN_NM": "Germany", "XBRDR": 0.0, "UC_NM_MN": "Lübeck" }, "geometry": { "type": "Point", "coordinates": [ 10.674664156322031, 53.869993794352638 ] } },
{ "type": "Feature", "properties": { "ID_HDC_G0": 2631.0, "QA2_1V": 1.0, "AREA": 139.0, "GCPNT_LAT": 45.690929371499998, "GCPNT_LON": 9.6367211566299993, "CTR_MN_NM": "Italy", "XBRDR": 0.0, "UC_NM_MN": "Bergamo" }, "geometry": { "type": "Point", "coordinates": [ 9.636721156628157, 45.690929371546133 ] } },
{ "type": "Feature", "properties": { "ID_HDC_G0": 2637.0, "QA2_1V": 1.0, "AREA": 43.0, "GCPNT_LAT": 48.402557037000001, "GCPNT_LON": 9.990470769569999, "CTR_MN_NM": "Germany", "XBRDR": 0.0, "UC_NM_MN": "Ulm" }, "geometry": { "type": "Point", "coordinates": [ 9.990470769572145, 48.402557037012592 ] } },
{ "type": "Feature", "properties": { "ID_HDC_G0": 2641.0, "QA2_1V": 1.0, "AREA": 76.0, "GCPNT_LAT": 52.269765253499997, "GCPNT_LON": 10.524975957800001, "CTR_MN_NM": "Germany", "XBRDR": 0.0, "UC_NM_MN": "Brunswick" }, "geometry": { "type": "Point", "coordinates": [ 10.52497595775764, 52.269765253501255 ] } },
{ "type": "Feature", "properties": { "ID_HDC_G0": 2653.0, "QA2_1V": 1.0, "AREA": 64.0, "GCPNT_LAT": 39.232686623299998, "GCPNT_LON": 9.1432959256499995, "CTR_MN_NM": "Italy", "XBRDR": 0.0, "UC_NM_MN": "Cagliari" }, "geometry": { "type": "Point", "coordinates": [ 9.143295925647267, 39.232686623329322 ] } },
{ "type": "Feature", "properties": { "ID_HDC_G0": 2656.0, "QA2_1V": 1.0, "AREA": 23.0, "GCPNT_LAT": 45.043636918499999, "GCPNT_LON": 9.69530553279, "CTR_MN_NM": "Italy", "XBRDR": 0.0, "UC_NM_MN": "Piacenza" }, "geometry": { "type": "Point", "coordinates": [ 9.695305532788916, 45.043636918482363 ] } },
{ "type": "Feature", "properties": { "ID_HDC_G0": 2670.0, "QA2_1V": 1.0, "AREA": 31.0, "GCPNT_LAT": 52.424461096500004, "GCPNT_LON": 10.759648632299999, "CTR_MN_NM": "Germany", "XBRDR": 0.0, "UC_NM_MN": "Wolfsburg" }, "geometry": { "type": "Point", "coordinates": [ 10.75964863230806, 52.424461096524745 ] } },
{ "type": "Feature", "properties": { "ID_HDC_G0": 2684.0, "QA2_1V": 1.0, "AREA": 25.0, "GCPNT_LAT": 44.109677000799998, "GCPNT_LON": 9.8366674435399997, "CTR_MN_NM": "Italy", "XBRDR": 0.0, "UC_NM_MN": "La Spezia" }, "geometry": { "type": "Point", "coordinates": [ 9.836667443542073, 44.109677000774802 ] } },
{ "type": "Feature", "properties": { "ID_HDC_G0": 2693.0, "QA2_1V": 1.0, "AREA": 25.0, "GCPNT_LAT": 47.727517144700002, "GCPNT_LON": 10.320093503100001, "CTR_MN_NM": "Germany", "XBRDR": 0.0, "UC_NM_MN": "Kempten (Allgäu)" }, "geometry": { "type": "Point", "coordinates": [ 10.32009350306768, 47.727517144715392 ] } },
{ "type": "Feature", "properties": { "ID_HDC_G0": 2695.0, "QA2_1V": 1.0, "AREA": 13.0, "GCPNT_LAT": 45.139262188000004, "GCPNT_LON": 10.022345336100001, "CTR_MN_NM": "Italy", "XBRDR": 0.0, "UC_NM_MN": "Cremona" }, "geometry": { "type": "Point", "coordinates": [ 10.02234533605958, 45.139262187998959 ] } },
{ "type": "Feature", "properties": { "ID_HDC_G0": 2706.0, "QA2_1V": 1.0, "AREA": 57.0, "GCPNT_LAT": 45.547336027999997, "GCPNT_LON": 10.2151626096, "CTR_MN_NM": "Italy", "XBRDR": 0.0, "UC_NM_MN": "Brescia" }, "geometry": { "type": "Point", "coordinates": [ 10.215162609560055, 45.547336028036895 ] } },
{ "type": "Feature", "properties": { "ID_HDC_G0": 2710.0, "QA2_1V": 1.0, "AREA": 64.0, "GCPNT_LAT": 44.040189783499997, "GCPNT_LON": 10.086641590499999, "CTR_MN_NM": "Italy", "XBRDR": 0.0, "UC_NM_MN": "Massa" }, "geometry": { "type": "Point", "coordinates": [ 10.086641590505701, 44.040189783487627 ] } },
{ "type": "Feature", "properties": { "ID_HDC_G0": 2713.0, "QA2_1V": 1.0, "AREA": 52.0, "GCPNT_LAT": 50.988902548600002, "GCPNT_LON": 11.0325390257, "CTR_MN_NM": "Germany", "XBRDR": 0.0, "UC_NM_MN": "Erfurt" }, "geometry": { "type": "Point", "coordinates": [ 11.032539025685159, 50.988902548642443 ] } },
{ "type": "Feature", "properties": { "ID_HDC_G0": 2716.0, "QA2_1V": 1.0, "AREA": 25.0, "GCPNT_LAT": 49.9009940738, "GCPNT_LON": 10.891251780099999, "CTR_MN_NM": "Germany", "XBRDR": 0.0, "UC_NM_MN": "Bamberg" }, "geometry": { "type": "Point", "coordinates": [ 10.891251780104238, 49.90099407378473 ] } },
{ "type": "Feature", "properties": { "ID_HDC_G0": 2725.0, "QA2_1V": 1.0, "AREA": 30.0, "GCPNT_LAT": 44.797543229799999, "GCPNT_LON": 10.3320096291, "CTR_MN_NM": "Italy", "XBRDR": 0.0, "UC_NM_MN": "Parma" }, "geometry": { "type": "Point", "coordinates": [ 10.332009629111997, 44.797543229810543 ] } },
{ "type": "Feature", "properties": { "ID_HDC_G0": 2727.0, "QA2_1V": 1.0, "AREA": 28.0, "GCPNT_LAT": 43.875921398199999, "GCPNT_LON": 10.2479138741, "CTR_MN_NM": "Italy", "XBRDR": 0.0, "UC_NM_MN": "Viareggio" }, "geometry": { "type": "Point", "coordinates": [ 10.24791387407339, 43.875921398181987 ] } },
{ "type": "Feature", "properties": { "ID_HDC_G0": 2730.0, "QA2_1V": 1.0, "AREA": 191.0, "GCPNT_LAT": 49.451564713499998, "GCPNT_LON": 11.0467104828, "CTR_MN_NM": "Germany", "XBRDR": 0.0, "UC_NM_MN": "Nuremberg" }, "geometry": { "type": "Point", "coordinates": [ 11.046710482777407, 49.451564713535817 ] } },
{ "type": "Feature", "properties": { "ID_HDC_G0": 2733.0, "QA2_1V": 1.0, "AREA": 38.0, "GCPNT_LAT": 49.582530030500003, "GCPNT_LON": 11.0038431098, "CTR_MN_NM": "Germany", "XBRDR": 0.0, "UC_NM_MN": "Erlangen" }, "geometry": { "type": "Point", "coordinates": [ 11.003843109796902, 49.582530030541022 ] } },
{ "type": "Feature", "properties": { "ID_HDC_G0": 2734.0, "QA2_1V": 1.0, "AREA": 101.0, "GCPNT_LAT": 48.363873929900002, "GCPNT_LON": 10.8913587101, "CTR_MN_NM": "Germany", "XBRDR": 0.0, "UC_NM_MN": "Augsburg" }, "geometry": { "type": "Point", "coordinates": [ 10.89135871013198, 48.363873929933327 ] } },
{ "type": "Feature", "properties": { "ID_HDC_G0": 2738.0, "QA2_1V": 1.0, "AREA": 44.0, "GCPNT_LAT": 43.545601761900002, "GCPNT_LON": 10.320422798299999, "CTR_MN_NM": "Italy", "XBRDR": 0.0, "UC_NM_MN": "Livorno" }, "geometry": { "type": "Point", "coordinates": [ 10.320422798269073, 43.545601761914455 ] } },
{ "type": "Feature", "properties": { "ID_HDC_G0": 2744.0, "QA2_1V": 1.0, "AREA": 19.0, "GCPNT_LAT": 43.712817168400001, "GCPNT_LON": 10.401058151100001, "CTR_MN_NM": "Italy", "XBRDR": 0.0, "UC_NM_MN": "Pisa" }, "geometry": { "type": "Point", "coordinates": [ 10.401058151067449, 43.712817168437979 ] } },
{ "type": "Feature", "properties": { "ID_HDC_G0": 2748.0, "QA2_1V": 1.0, "AREA": 78.0, "GCPNT_LAT": 52.135440700799997, "GCPNT_LON": 11.6361332686, "CTR_MN_NM": "Germany", "XBRDR": 0.0, "UC_NM_MN": "Magdeburg" }, "geometry": { "type": "Point", "coordinates": [ 11.636133268566191, 52.135440700845074 ] } },
{ "type": "Feature", "properties": { "ID_HDC_G0": 2749.0, "QA2_1V": 1.0, "AREA": 388.0, "GCPNT_LAT": 55.680605765499998, "GCPNT_LON": 12.4695304263, "CTR_MN_NM": "Denmark", "XBRDR": 0.0, "UC_NM_MN": "Copenhagen" }, "geometry": { "type": "Point", "coordinates": [ 12.469530426278231, 55.680605765520561 ] } },
{ "type": "Feature", "properties": { "ID_HDC_G0": 2750.0, "QA2_1V": 1.0, "AREA": 24.0, "GCPNT_LAT": 44.692327405900002, "GCPNT_LON": 10.6262216698, "CTR_MN_NM": "Italy", "XBRDR": 0.0, "UC_NM_MN": "Reggio nell'Emilia" }, "geometry": { "type": "Point", "coordinates": [ 10.626221669813784, 44.692327405873968 ] } },
{ "type": "Feature", "properties": { "ID_HDC_G0": 2753.0, "QA2_1V": 1.0, "AREA": 80.0, "GCPNT_LAT": 54.1238206672, "GCPNT_LON": 12.106945188899999, "CTR_MN_NM": "Germany", "XBRDR": 0.0, "UC_NM_MN": "Rostock" }, "geometry": { "type": "Point", "coordinates": [ 12.106945188880736, 54.123820667153844 ] } },
{ "type": "Feature", "properties": { "ID_HDC_G0": 2757.0, "QA2_1V": 1.0, "AREA": 28.0, "GCPNT_LAT": 50.915798342199999, "GCPNT_LON": 11.5984617102, "CTR_MN_NM": "Germany", "XBRDR": 0.0, "UC_NM_MN": "Jena" }, "geometry": { "type": "Point", "coordinates": [ 11.598461710196506, 50.915798342183649 ] } },
{ "type": "Feature", "properties": { "ID_HDC_G0": 2770.0, "QA2_1V": 1.0, "AREA": 20.0, "GCPNT_LAT": 49.947757861900001, "GCPNT_LON": 11.581092953300001, "CTR_MN_NM": "Germany", "XBRDR": 0.0, "UC_NM_MN": "Bayreuth" }, "geometry": { "type": "Point", "coordinates": [ 11.5810929532866, 49.947757861859863 ] } },
{ "type": "Feature", "properties": { "ID_HDC_G0": 2771.0, "QA2_1V": 1.0, "AREA": 41.0, "GCPNT_LAT": 48.761439709599998, "GCPNT_LON": 11.4318322329, "CTR_MN_NM": "Germany", "XBRDR": 0.0, "UC_NM_MN": "Ingolstadt" }, "geometry": { "type": "Point", "coordinates": [ 11.431832232939689, 48.761439709639447 ] } },
{ "type": "Feature", "properties": { "ID_HDC_G0": 2773.0, "QA2_1V": 1.0, "AREA": 48.0, "GCPNT_LAT": 45.434278673199998, "GCPNT_LON": 10.9884546981, "CTR_MN_NM": "Italy", "XBRDR": 0.0, "UC_NM_MN": "Verona" }, "geometry": { "type": "Point", "coordinates": [ 10.988454698084743, 45.434278673204432 ] } },
{ "type": "Feature", "properties": { "ID_HDC_G0": 2776.0, "QA2_1V": 1.0, "AREA": 31.0, "GCPNT_LAT": 44.642974801800001, "GCPNT_LON": 10.926605526, "CTR_MN_NM": "Italy", "XBRDR": 0.0, "UC_NM_MN": "Modena" }, "geometry": { "type": "Point", "coordinates": [ 10.926605526030189, 44.642974801840424 ] } },
{ "type": "Feature", "properties": { "ID_HDC_G0": 2779.0, "QA2_1V": 1.0, "AREA": 24.0, "GCPNT_LAT": 46.075010363899999, "GCPNT_LON": 11.1212996853, "CTR_MN_NM": "Italy", "XBRDR": 0.0, "UC_NM_MN": "Trento" }, "geometry": { "type": "Point", "coordinates": [ 11.121299685321201, 46.075010363899246 ] } },
{ "type": "Feature", "properties": { "ID_HDC_G0": 2782.0, "QA2_1V": 1.0, "AREA": 64.0, "GCPNT_LAT": 51.474667180600001, "GCPNT_LON": 11.9665871689, "CTR_MN_NM": "Germany", "XBRDR": 0.0, "UC_NM_MN": "Halle (Saale)" }, "geometry": { "type": "Point", "coordinates": [ 11.966587168931923, 51.474667180618411 ] } },
{ "type": "Feature", "properties": { "ID_HDC_G0": 2784.0, "QA2_1V": 1.0, "AREA": 349.0, "GCPNT_LAT": 48.1380020159, "GCPNT_LON": 11.563435090600001, "CTR_MN_NM": "Germany", "XBRDR": 0.0, "UC_NM_MN": "Munich" }, "geometry": { "type": "Point", "coordinates": [ 11.563435090568126, 48.138002015854696 ] } },
{ "type": "Feature", "properties": { "ID_HDC_G0": 2786.0, "QA2_1V": 1.0, "AREA": 17.0, "GCPNT_LAT": 43.932958356299999, "GCPNT_LON": 10.9179935875, "CTR_MN_NM": "Italy", "XBRDR": 0.0, "UC_NM_MN": "Pistoia" }, "geometry": { "type": "Point", "coordinates": [ 10.917993587491525, 43.932958356267541 ] } },
{ "type": "Feature", "properties": { "ID_HDC_G0": 2788.0, "QA2_1V": 1.0, "AREA": 27.0, "GCPNT_LAT": 47.268173957599998, "GCPNT_LON": 11.403367422000001, "CTR_MN_NM": "Austria", "XBRDR": 0.0, "UC_NM_MN": "Innsbruck" }, "geometry": { "type": "Point", "coordinates": [ 11.403367422009286, 47.26817395760196 ] } },
{ "type": "Feature", "properties": { "ID_HDC_G0": 2791.0, "QA2_1V": 1.0, "AREA": 17.0, "GCPNT_LAT": 46.487720212, "GCPNT_LON": 11.336511080299999, "CTR_MN_NM": "Italy", "XBRDR": 0.0, "UC_NM_MN": "Bolzano - Bozen" }, "geometry": { "type": "Point", "coordinates": [ 11.336511080307307, 46.487720212003367 ] } },
{ "type": "Feature", "properties": { "ID_HDC_G0": 2794.0, "QA2_1V": 1.0, "AREA": 71.0, "GCPNT_LAT": 43.8690437558, "GCPNT_LON": 11.1069281125, "CTR_MN_NM": "Italy", "XBRDR": 0.0, "UC_NM_MN": "Prato" }, "geometry": { "type": "Point", "coordinates": [ 11.106928112489703, 43.869043755780567 ] } },
{ "type": "Feature", "properties": { "ID_HDC_G0": 2799.0, "QA2_1V": 1.0, "AREA": 23.0, "GCPNT_LAT": 50.876781484399999, "GCPNT_LON": 12.082749696600001, "CTR_MN_NM": "Germany", "XBRDR": 0.0, "UC_NM_MN": "Gera" }, "geometry": { "type": "Point", "coordinates": [ 12.08274969656239, 50.87678148441659 ] } },
{ "type": "Feature", "properties": { "ID_HDC_G0": 2801.0, "QA2_1V": 1.0, "AREA": 91.0, "GCPNT_LAT": 43.783975499299999, "GCPNT_LON": 11.2137571796, "CTR_MN_NM": "Italy", "XBRDR": 0.0, "UC_NM_MN": "Florence" }, "geometry": { "type": "Point", "coordinates": [ 11.213757179583313, 43.783975499290797 ] } },
{ "type": "Feature", "properties": { "ID_HDC_G0": 2802.0, "QA2_1V": 1.0, "AREA": 96.0, "GCPNT_LAT": 44.493707694999998, "GCPNT_LON": 11.329003025800001, "CTR_MN_NM": "Italy", "XBRDR": 0.0, "UC_NM_MN": "Bologna" }, "geometry": { "type": "Point", "coordinates": [ 11.329003025761326, 44.493707694965821 ] } },
{ "type": "Feature", "properties": { "ID_HDC_G0": 2806.0, "QA2_1V": 1.0, "AREA": 163.0, "GCPNT_LAT": 51.3401995583, "GCPNT_LON": 12.367151981699999, "CTR_MN_NM": "Germany", "XBRDR": 0.0, "UC_NM_MN": "Leipzig" }, "geometry": { "type": "Point", "coordinates": [ 12.367151981724479, 51.340199558259954 ] } },
{ "type": "Feature", "properties": { "ID_HDC_G0": 2807.0, "QA2_1V": 1.0, "AREA": 14.0, "GCPNT_LAT": 42.768405020300001, "GCPNT_LON": 11.1091959897, "CTR_MN_NM": "Italy", "XBRDR": 0.0, "UC_NM_MN": "Grosseto" }, "geometry": { "type": "Point", "coordinates": [ 11.109195989710653, 42.768405020285385 ] } },
{ "type": "Feature", "properties": { "ID_HDC_G0": 2812.0, "QA2_1V": 1.0, "AREA": 29.0, "GCPNT_LAT": 45.545259781399999, "GCPNT_LON": 11.531671942, "CTR_MN_NM": "Italy", "XBRDR": 0.0, "UC_NM_MN": "Vicenza" }, "geometry": { "type": "Point", "coordinates": [ 11.531671942038875, 45.545259781393533 ] } },
{ "type": "Feature", "properties": { "ID_HDC_G0": 2818.0, "QA2_1V": 1.0, "AREA": 57.0, "GCPNT_LAT": 49.019690425900002, "GCPNT_LON": 12.1082709317, "CTR_MN_NM": "Germany", "XBRDR": 0.0, "UC_NM_MN": "Regensburg" }, "geometry": { "type": "Point", "coordinates": [ 12.108270931725443, 49.019690425946528 ] } },
{ "type": "Feature", "properties": { "ID_HDC_G0": 2826.0, "QA2_1V": 1.0, "AREA": 26.0, "GCPNT_LAT": 48.546880002000002, "GCPNT_LON": 12.1475340433, "CTR_MN_NM": "Germany", "XBRDR": 0.0, "UC_NM_MN": "Landshut" }, "geometry": { "type": "Point", "coordinates": [ 12.147534043322352, 48.5468800019936 ] } },
{ "type": "Feature", "properties": { "ID_HDC_G0": 2827.0, "QA2_1V": 1.0, "AREA": 30.0, "GCPNT_LAT": 44.8457270444, "GCPNT_LON": 11.6142152664, "CTR_MN_NM": "Italy", "XBRDR": 0.0, "UC_NM_MN": "Ferrara" }, "geometry": { "type": "Point", "coordinates": [ 11.614215266439791, 44.845727044430475 ] } },
{ "type": "Feature", "properties": { "ID_HDC_G0": 2830.0, "QA2_1V": 1.0, "AREA": 27.0, "GCPNT_LAT": 50.719870999699999, "GCPNT_LON": 12.486587355899999, "CTR_MN_NM": "Germany", "XBRDR": 0.0, "UC_NM_MN": "Zwickau" }, "geometry": { "type": "Point", "coordinates": [ 12.486587355935129, 50.719870999732152 ] } },
{ "type": "Feature", "properties": { "ID_HDC_G0": 2833.0, "QA2_1V": 1.0, "AREA": 25.0, "GCPNT_LAT": 47.849642373099996, "GCPNT_LON": 12.1025911893, "CTR_MN_NM": "Germany", "XBRDR": 0.0, "UC_NM_MN": "Rosenheim" }, "geometry": { "type": "Point", "coordinates": [ 12.102591189299771, 47.849642373101815 ] } },
{ "type": "Feature", "properties": { "ID_HDC_G0": 2845.0, "QA2_1V": 1.0, "AREA": 81.0, "GCPNT_LAT": 45.411213379899998, "GCPNT_LON": 11.908574445599999, "CTR_MN_NM": "Italy", "XBRDR": 0.0, "UC_NM_MN": "Padua" }, "geometry": { "type": "Point", "coordinates": [ 11.908574445598846, 45.411213379928519 ] } },
{ "type": "Feature", "properties": { "ID_HDC_G0": 2849.0, "QA2_1V": 1.0, "AREA": 42.0, "GCPNT_LAT": 52.389238020299999, "GCPNT_LON": 13.0771014024, "CTR_MN_NM": "Germany", "XBRDR": 0.0, "UC_NM_MN": "Potsdam" }, "geometry": { "type": "Point", "coordinates": [ 13.07710140243775, 52.389238020252208 ] } },
{ "type": "Feature", "properties": { "ID_HDC_G0": 2851.0, "QA2_1V": 1.0, "AREA": 686.0, "GCPNT_LAT": 52.506951766699999, "GCPNT_LON": 13.4097939618, "CTR_MN_NM": "Germany", "XBRDR": 0.0, "UC_NM_MN": "Berlin" }, "geometry": { "type": "Point", "coordinates": [ 13.409793961795449, 52.506951766687109 ] } },
{ "type": "Feature", "properties": { "ID_HDC_G0": 2852.0, "QA2_1V": 1.0, "AREA": 66.0, "GCPNT_LAT": 50.8257228724, "GCPNT_LON": 12.908720456399999, "CTR_MN_NM": "Germany", "XBRDR": 0.0, "UC_NM_MN": "Chemnitz" }, "geometry": { "type": "Point", "coordinates": [ 12.908720456352057, 50.825722872376687 ] } },
{ "type": "Feature", "properties": { "ID_HDC_G0": 2854.0, "QA2_1V": 1.0, "AREA": 14.0, "GCPNT_LAT": 43.461349134700001, "GCPNT_LON": 11.8712825679, "CTR_MN_NM": "Italy", "XBRDR": 0.0, "UC_NM_MN": "Arezzo" }, "geometry": { "type": "Point", "coordinates": [ 11.871282567904954, 43.461349134735855 ] } },
{ "type": "Feature", "properties": { "ID_HDC_G0": 2860.0, "QA2_1V": 1.0, "AREA": 64.0, "GCPNT_LAT": 45.474341016300002, "GCPNT_LON": 12.234321342099999, "CTR_MN_NM": "Italy", "XBRDR": 0.0, "UC_NM_MN": "Mestre" }, "geometry": { "type": "Point", "coordinates": [ 12.234321342092535, 45.474341016251778 ] } },
{ "type": "Feature", "properties": { "ID_HDC_G0": 2862.0, "QA2_1V": 1.0, "AREA": 30.0, "GCPNT_LAT": 45.667482326799998, "GCPNT_LON": 12.240418285800001, "CTR_MN_NM": "Italy", "XBRDR": 0.0, "UC_NM_MN": "Treviso" }, "geometry": { "type": "Point", "coordinates": [ 12.240418285847902, 45.667482326787891 ] } },
{ "type": "Feature", "properties": { "ID_HDC_G0": 2863.0, "QA2_1V": 1.0, "AREA": 25.0, "GCPNT_LAT": 44.215297640499998, "GCPNT_LON": 12.052044131300001, "CTR_MN_NM": "Italy", "XBRDR": 0.0, "UC_NM_MN": "Forlì" }, "geometry": { "type": "Point", "coordinates": [ 12.052044131308104, 44.215297640540392 ] } },
{ "type": "Feature", "properties": { "ID_HDC_G0": 2865.0, "QA2_1V": 1.0, "AREA": 36.0, "GCPNT_LAT": 45.424136359599999, "GCPNT_LON": 12.345304628599999, "CTR_MN_NM": "Italy", "XBRDR": 0.0, "UC_NM_MN": "Venice" }, "geometry": { "type": "Point", "coordinates": [ 12.345304628646003, 45.424136359632399 ] } },
{ "type": "Feature", "properties": { "ID_HDC_G0": 2868.0, "QA2_1V": 1.0, "AREA": 22.0, "GCPNT_LAT": 44.412691991300001, "GCPNT_LON": 12.198708914199999, "CTR_MN_NM": "Italy", "XBRDR": 0.0, "UC_NM_MN": "Ravenna" }, "geometry": { "type": "Point", "coordinates": [ 12.198708914226517, 44.412691991293038 ] } },
{ "type": "Feature", "properties": { "ID_HDC_G0": 2881.0, "QA2_1V": 1.0, "AREA": 29.0, "GCPNT_LAT": 45.9611583529, "GCPNT_LON": 12.6594516516, "CTR_MN_NM": "Italy", "XBRDR": 0.0, "UC_NM_MN": "Pordenone" }, "geometry": { "type": "Point", "coordinates": [ 12.659451651574289, 45.961158352896113 ] } },
{ "type": "Feature", "properties": { "ID_HDC_G0": 2885.0, "QA2_1V": 1.0, "AREA": 46.0, "GCPNT_LAT": 47.803034361199998, "GCPNT_LON": 13.036635737299999, "CTR_MN_NM": "Austria", "XBRDR": 0.0, "UC_NM_MN": "Salzburg" }, "geometry": { "type": "Point", "coordinates": [ 13.03663573732763, 47.803034361158886 ] } },
{ "type": "Feature", "properties": { "ID_HDC_G0": 2886.0, "QA2_1V": 1.0, "AREA": 53.0, "GCPNT_LAT": 49.743233330400003, "GCPNT_LON": 13.377706617499999, "CTR_MN_NM": "Czech Republic", "XBRDR": 0.0, "UC_NM_MN": "Pilsen" }, "geometry": { "type": "Point", "coordinates": [ 13.377706617452253, 49.743233330366635 ] } },
{ "type": "Feature", "properties": { "ID_HDC_G0": 2887.0, "QA2_1V": 1.0, "AREA": 178.0, "GCPNT_LAT": 51.055635642, "GCPNT_LON": 13.73742967, "CTR_MN_NM": "Germany", "XBRDR": 0.0, "UC_NM_MN": "Dresden" }, "geometry": { "type": "Point", "coordinates": [ 13.737429669970703, 51.055635641976259 ] } },
{ "type": "Feature", "properties": { "ID_HDC_G0": 2888.0, "QA2_1V": 1.0, "AREA": 17.0, "GCPNT_LAT": 43.103048928100002, "GCPNT_LON": 12.3745217745, "CTR_MN_NM": "Italy", "XBRDR": 0.0, "UC_NM_MN": "Perugia" }, "geometry": { "type": "Point", "coordinates": [ 12.374521774454379, 43.103048928142371 ] } },
{ "type": "Feature", "properties": { "ID_HDC_G0": 2889.0, "QA2_1V": 1.0, "AREA": 38.0, "GCPNT_LAT": 44.063268238600003, "GCPNT_LON": 12.5615014114, "CTR_MN_NM": "Italy", "XBRDR": 0.0, "UC_NM_MN": "Rimini" }, "geometry": { "type": "Point", "coordinates": [ 12.561501411442759, 44.063268238581252 ] } },
{ "type": "Feature", "properties": { "ID_HDC_G0": 2892.0, "QA2_1V": 1.0, "AREA": 14.0, "GCPNT_LAT": 41.733391974100002, "GCPNT_LON": 12.278804579399999, "CTR_MN_NM": "Italy", "XBRDR": 0.0, "UC_NM_MN": "Lido di Ostia" }, "geometry": { "type": "Point", "coordinates": [ 12.278804579438725, 41.733391974054143 ] } },
{ "type": "Feature", "properties": { "ID_HDC_G0": 2895.0, "QA2_1V": 1.0, "AREA": 40.0, "GCPNT_LAT": 41.768726929300001, "GCPNT_LON": 12.354495653000001, "CTR_MN_NM": "Italy", "XBRDR": 0.0, "UC_NM_MN": "Acilia" }, "geometry": { "type": "Point", "coordinates": [ 12.354495653002411, 41.768726929257646 ] } },
{ "type": "Feature", "properties": { "ID_HDC_G0": 2897.0, "QA2_1V": 1.0, "AREA": 482.0, "GCPNT_LAT": 41.8971539916, "GCPNT_LON": 12.5323129794, "CTR_MN_NM": "Italy", "XBRDR": 0.0, "UC_NM_MN": "Rome" }, "geometry": { "type": "Point", "coordinates": [ 12.532312979364503, 41.897153991617927 ] } },
{ "type": "Feature", "properties": { "ID_HDC_G0": 2905.0, "QA2_1V": 1.0, "AREA": 28.0, "GCPNT_LAT": 42.566923833399997, "GCPNT_LON": 12.6327045962, "CTR_MN_NM": "Italy", "XBRDR": 0.0, "UC_NM_MN": "Terni" }, "geometry": { "type": "Point", "coordinates": [ 12.632704596164944, 42.566923833375739 ] } },
{ "type": "Feature", "properties": { "ID_HDC_G0": 2907.0, "QA2_1V": 1.0, "AREA": 78.0, "GCPNT_LAT": 53.432279738399998, "GCPNT_LON": 14.5353798046, "CTR_MN_NM": "Poland", "XBRDR": 0.0, "UC_NM_MN": "Szczecin" }, "geometry": { "type": "Point", "coordinates": [ 14.535379804590074, 53.432279738373524 ] } },
{ "type": "Feature", "properties": { "ID_HDC_G0": 2908.0, "QA2_1V": 1.0, "AREA": 35.0, "GCPNT_LAT": 46.075397174499997, "GCPNT_LON": 13.2295322236, "CTR_MN_NM": "Italy", "XBRDR": 0.0, "UC_NM_MN": "Udine" }, "geometry": { "type": "Point", "coordinates": [ 13.229532223555559, 46.075397174508247 ] } },
{ "type": "Feature", "properties": { "ID_HDC_G0": 2909.0, "QA2_1V": 1.0, "AREA": 15.0, "GCPNT_LAT": 43.904382206500003, "GCPNT_LON": 12.908372681299999, "CTR_MN_NM": "Italy", "XBRDR": 0.0, "UC_NM_MN": "Pesaro" }, "geometry": { "type": "Point", "coordinates": [ 12.908372681271128, 43.904382206525966 ] } },
{ "type": "Feature", "properties": { "ID_HDC_G0": 2910.0, "QA2_1V": 1.0, "AREA": 41.0, "GCPNT_LAT": 41.474827905399998, "GCPNT_LON": 12.626395881700001, "CTR_MN_NM": "Italy", "XBRDR": 0.0, "UC_NM_MN": "Anzio" }, "geometry": { "type": "Point", "coordinates": [ 12.626395881700711, 41.474827905376713 ] } },
{ "type": "Feature", "properties": { "ID_HDC_G0": 2911.0, "QA2_1V": 1.0, "AREA": 30.0, "GCPNT_LAT": 50.668204620499999, "GCPNT_LON": 14.037920442500001, "CTR_MN_NM": "Czech Republic", "XBRDR": 0.0, "UC_NM_MN": "Ústí nad Labem" }, "geometry": { "type": "Point", "coordinates": [ 14.037920442478853, 50.668204620512547 ] } },
{ "type": "Feature", "properties": { "ID_HDC_G0": 2912.0, "QA2_1V": 1.0, "AREA": 22.0, "GCPNT_LAT": 41.959520632100002, "GCPNT_LON": 12.755949342599999, "CTR_MN_NM": "Italy", "XBRDR": 0.0, "UC_NM_MN": "Tivoli" }, "geometry": { "type": "Point", "coordinates": [ 12.755949342635285, 41.959520632058826 ] } },
{ "type": "Feature", "properties": { "ID_HDC_G0": 2914.0, "QA2_1V": 1.0, "AREA": 19.0, "GCPNT_LAT": 53.383197879599997, "GCPNT_LON": 14.6572612834, "CTR_MN_NM": "Poland", "XBRDR": 0.0, "UC_NM_MN": "Zdroje" }, "geometry": { "type": "Point", "coordinates": [ 14.657261283439384, 53.383197879635077 ] } },
{ "type": "Feature", "properties": { "ID_HDC_G0": 2916.0, "QA2_1V": 1.0, "AREA": 28.0, "GCPNT_LAT": 51.752226108499997, "GCPNT_LON": 14.336569671399999, "CTR_MN_NM": "Germany", "XBRDR": 0.0, "UC_NM_MN": "Cottbus" }, "geometry": { "type": "Point", "coordinates": [ 14.336569671410746, 51.752226108478766 ] } },
{ "type": "Feature", "properties": { "ID_HDC_G0": 2921.0, "QA2_1V": 1.0, "AREA": 19.0, "GCPNT_LAT": 50.147106520599998, "GCPNT_LON": 14.1080060106, "CTR_MN_NM": "Czech Republic", "XBRDR": 0.0, "UC_NM_MN": "Kladno" }, "geometry": { "type": "Point", "coordinates": [ 14.108006010594949, 50.147106520587563 ] } },
{ "type": "Feature", "properties": { "ID_HDC_G0": 2925.0, "QA2_1V": 1.0, "AREA": 15.0, "GCPNT_LAT": 41.461538970900001, "GCPNT_LON": 12.896373751600001, "CTR_MN_NM": "Italy", "XBRDR": 0.0, "UC_NM_MN": "Latina" }, "geometry": { "type": "Point", "coordinates": [ 12.896373751623862, 41.461538970858562 ] } },
{ "type": "Feature", "properties": { "ID_HDC_G0": 2926.0, "QA2_1V": 1.0, "AREA": 20.0, "GCPNT_LAT": 38.019071669900001, "GCPNT_LON": 12.5341088877, "CTR_MN_NM": "Italy", "XBRDR": 0.0, "UC_NM_MN": "Trapani" }, "geometry": { "type": "Point", "coordinates": [ 12.534108887695876, 38.019071669923861 ] } },
{ "type": "Feature", "properties": { "ID_HDC_G0": 2927.0, "QA2_1V": 1.0, "AREA": 295.0, "GCPNT_LAT": 50.072052125100001, "GCPNT_LON": 14.453589598800001, "CTR_MN_NM": "Czech Republic", "XBRDR": 0.0, "UC_NM_MN": "Prague" }, "geometry": { "type": "Point", "coordinates": [ 14.453589598801697, 50.072052125131378 ] } },
{ "type": "Feature", "properties": { "ID_HDC_G0": 2933.0, "QA2_1V": 1.0, "AREA": 50.0, "GCPNT_LAT": 45.634896992999998, "GCPNT_LON": 13.785416490099999, "CTR_MN_NM": "Italy", "XBRDR": 0.0, "UC_NM_MN": "Triest" }, "geometry": { "type": "Point", "coordinates": [ 13.785416490071015, 45.634896993029855 ] } },
{ "type": "Feature", "properties": { "ID_HDC_G0": 2935.0, "QA2_1V": 1.0, "AREA": 25.0, "GCPNT_LAT": 43.602353815699999, "GCPNT_LON": 13.509776008699999, "CTR_MN_NM": "Italy", "XBRDR": 0.0, "UC_NM_MN": "Ancona" }, "geometry": { "type": "Point", "coordinates": [ 13.509776008735111, 43.602353815659875 ] } },
{ "type": "Feature", "properties": { "ID_HDC_G0": 2936.0, "QA2_1V": 1.0, "AREA": 69.0, "GCPNT_LAT": 48.279325868999997, "GCPNT_LON": 14.2930258173, "CTR_MN_NM": "Austria", "XBRDR": 0.0, "UC_NM_MN": "Linz" }, "geometry": { "type": "Point", "coordinates": [ 14.293025817282658, 48.279325869001006 ] } },
{ "type": "Feature", "properties": { "ID_HDC_G0": 2937.0, "QA2_1V": 1.0, "AREA": 29.0, "GCPNT_LAT": 52.738412906199997, "GCPNT_LON": 15.2333079443, "CTR_MN_NM": "Poland", "XBRDR": 0.0, "UC_NM_MN": "Gorzów Wielkopolski" }, "geometry": { "type": "Point", "coordinates": [ 15.233307944296913, 52.73841290616749 ] } },
{ "type": "Feature", "properties": { "ID_HDC_G0": 2939.0, "QA2_1V": 1.0, "AREA": 27.0, "GCPNT_LAT": 48.980690914, "GCPNT_LON": 14.4764655285, "CTR_MN_NM": "Czech Republic", "XBRDR": 0.0, "UC_NM_MN": "České Budějovice" }, "geometry": { "type": "Point", "coordinates": [ 14.476465528501773, 48.980690914026759 ] } },
{ "type": "Feature", "properties": { "ID_HDC_G0": 2942.0, "QA2_1V": 1.0, "AREA": 22.0, "GCPNT_LAT": 51.149553653200002, "GCPNT_LON": 14.989023674, "CTR_MN_NM": "Germany", "XBRDR": 1.0, "UC_NM_MN": "Görlitz" }, "geometry": { "type": "Point", "coordinates": [ 14.989023674016504, 51.149553653158051 ] } },
{ "type": "Feature", "properties": { "ID_HDC_G0": 2951.0, "QA2_1V": 1.0, "AREA": 29.0, "GCPNT_LAT": 50.761170641, "GCPNT_LON": 15.0579077026, "CTR_MN_NM": "Czech Republic", "XBRDR": 0.0, "UC_NM_MN": "Liberec" }, "geometry": { "type": "Point", "coordinates": [ 15.057907702578872, 50.761170641036166 ] } },
{ "type": "Feature", "properties": { "ID_HDC_G0": 2952.0, "QA2_1V": 1.0, "AREA": 26.0, "GCPNT_LAT": 46.622347640400001, "GCPNT_LON": 14.312396057699999, "CTR_MN_NM": "Austria", "XBRDR": 0.0, "UC_NM_MN": "Klagenfurt" }, "geometry": { "type": "Point", "coordinates": [ 14.31239605767564, 46.622347640352267 ] } },
{ "type": "Feature", "properties": { "ID_HDC_G0": 2959.0, "QA2_1V": 1.0, "AREA": 158.0, "GCPNT_LAT": 38.136247488400002, "GCPNT_LON": 13.3378680225, "CTR_MN_NM": "Italy", "XBRDR": 0.0, "UC_NM_MN": "Palermo" }, "geometry": { "type": "Point", "coordinates": [ 13.337868022514145, 38.13624748843948 ] } },
{ "type": "Feature", "properties": { "ID_HDC_G0": 2964.0, "QA2_1V": 1.0, "AREA": 64.0, "GCPNT_LAT": 45.345812988799999, "GCPNT_LON": 14.3923427226, "CTR_MN_NM": "Croatia", "XBRDR": 0.0, "UC_NM_MN": "Rijeka" }, "geometry": { "type": "Point", "coordinates": [ 14.392342722553545, 45.34581298882491 ] } },
{ "type": "Feature", "properties": { "ID_HDC_G0": 2965.0, "QA2_1V": 1.0, "AREA": 91.0, "GCPNT_LAT": 46.065399931199998, "GCPNT_LON": 14.514803707, "CTR_MN_NM": "Slovenia", "XBRDR": 0.0, "UC_NM_MN": "Ljubljana" }, "geometry": { "type": "Point", "coordinates": [ 14.51480370696124, 46.065399931154509 ] } },
{ "type": "Feature", "properties": { "ID_HDC_G0": 2966.0, "QA2_1V": 1.0, "AREA": 26.0, "GCPNT_LAT": 54.1948312711, "GCPNT_LON": 16.186504785299999, "CTR_MN_NM": "Poland", "XBRDR": 0.0, "UC_NM_MN": "Koszalin" }, "geometry": { "type": "Point", "coordinates": [ 16.186504785281478, 54.194831271102615 ] } },
{ "type": "Feature", "properties": { "ID_HDC_G0": 2974.0, "QA2_1V": 1.0, "AREA": 10.0, "GCPNT_LAT": 38.081938561299999, "GCPNT_LON": 13.519051750399999, "CTR_MN_NM": "Italy", "XBRDR": 0.0, "UC_NM_MN": "Bagheria" }, "geometry": { "type": "Point", "coordinates": [ 13.51905175042409, 38.081938561277923 ] } },
{ "type": "Feature", "properties": { "ID_HDC_G0": 2976.0, "QA2_1V": 1.0, "AREA": 81.0, "GCPNT_LAT": 42.469464894600002, "GCPNT_LON": 14.1973692541, "CTR_MN_NM": "Italy", "XBRDR": 0.0, "UC_NM_MN": "Pescara" }, "geometry": { "type": "Point", "coordinates": [ 14.197369254107159, 42.469464894555962 ] } },
{ "type": "Feature", "properties": { "ID_HDC_G0": 2979.0, "QA2_1V": 1.0, "AREA": 19.0, "GCPNT_LAT": 50.893943740099999, "GCPNT_LON": 15.727875517, "CTR_MN_NM": "Poland", "XBRDR": 0.0, "UC_NM_MN": "Jelenia Góra" }, "geometry": { "type": "Point", "coordinates": [ 15.727875517002047, 50.893943740146312 ] } },
{ "type": "Feature", "properties": { "ID_HDC_G0": 2980.0, "QA2_1V": 1.0, "AREA": 899.0, "GCPNT_LAT": 40.865187863700001, "GCPNT_LON": 14.33619261, "CTR_MN_NM": "Italy", "XBRDR": 0.0, "UC_NM_MN": "Naples" }, "geometry": { "type": "Point", "coordinates": [ 14.3361926099592, 40.865187863695482 ] } },
{ "type": "Feature", "properties": { "ID_HDC_G0": 2989.0, "QA2_1V": 1.0, "AREA": 25.0, "GCPNT_LAT": 50.034649393800002, "GCPNT_LON": 15.7669378371, "CTR_MN_NM": "Czech Republic", "XBRDR": 0.0, "UC_NM_MN": "Pardubice" }, "geometry": { "type": "Point", "coordinates": [ 15.766937837086649, 50.034649393762969 ] } },
{ "type": "Feature", "properties": { "ID_HDC_G0": 2991.0, "QA2_1V": 1.0, "AREA": 67.0, "GCPNT_LAT": 41.063861538300003, "GCPNT_LON": 14.307270544, "CTR_MN_NM": "Italy", "XBRDR": 0.0, "UC_NM_MN": "Caserta" }, "geometry": { "type": "Point", "coordinates": [ 14.307270544026492, 41.063861538250144 ] } },
{ "type": "Feature", "properties": { "ID_HDC_G0": 2992.0, "QA2_1V": 1.0, "AREA": 22.0, "GCPNT_LAT": 50.2096502793, "GCPNT_LON": 15.837943989799999, "CTR_MN_NM": "Czech Republic", "XBRDR": 0.0, "UC_NM_MN": "Hradec Králové" }, "geometry": { "type": "Point", "coordinates": [ 15.837943989798566, 50.209650279260174 ] } },
{ "type": "Feature", "properties": { "ID_HDC_G0": 2996.0, "QA2_1V": 1.0, "AREA": 16.0, "GCPNT_LAT": 51.402686133800003, "GCPNT_LON": 16.196915301699999, "CTR_MN_NM": "Poland", "XBRDR": 0.0, "UC_NM_MN": "Lubin" }, "geometry": { "type": "Point", "coordinates": [ 16.196915301737196, 51.402686133813575 ] } },
{ "type": "Feature", "properties": { "ID_HDC_G0": 2998.0, "QA2_1V": 1.0, "AREA": 20.0, "GCPNT_LAT": 51.206240542400003, "GCPNT_LON": 16.176722442700001, "CTR_MN_NM": "Poland", "XBRDR": 0.0, "UC_NM_MN": "Legnica" }, "geometry": { "type": "Point", "coordinates": [ 16.176722442741916, 51.206240542406093 ] } },
{ "type": "Feature", "properties": { "ID_HDC_G0": 3000.0, "QA2_1V": 1.0, "AREA": 73.0, "GCPNT_LAT": 47.058527886, "GCPNT_LON": 15.4358553855, "CTR_MN_NM": "Austria", "XBRDR": 0.0, "UC_NM_MN": "Graz" }, "geometry": { "type": "Point", "coordinates": [ 15.435855385507047, 47.058527885953055 ] } },
{ "type": "Feature", "properties": { "ID_HDC_G0": 3001.0, "QA2_1V": 1.0, "AREA": 21.0, "GCPNT_LAT": 53.152501334199997, "GCPNT_LON": 16.7470369519, "CTR_MN_NM": "Poland", "XBRDR": 0.0, "UC_NM_MN": "Piła" }, "geometry": { "type": "Point", "coordinates": [ 16.74703695189136, 53.152501334196408 ] } },
{ "type": "Feature", "properties": { "ID_HDC_G0": 3003.0, "QA2_1V": 1.0, "AREA": 19.0, "GCPNT_LAT": 40.836270792000001, "GCPNT_LON": 14.4945379086, "CTR_MN_NM": "Italy", "XBRDR": 0.0, "UC_NM_MN": "San Giuseppe Vesuviano" }, "geometry": { "type": "Point", "coordinates": [ 14.494537908550425, 40.836270791987744 ] } },
{ "type": "Feature", "properties": { "ID_HDC_G0": 3004.0, "QA2_1V": 1.0, "AREA": 48.0, "GCPNT_LAT": 50.787686091399998, "GCPNT_LON": 16.2833846302, "CTR_MN_NM": "Poland", "XBRDR": 0.0, "UC_NM_MN": "Wałbrzych" }, "geometry": { "type": "Point", "coordinates": [ 16.283384630182415, 50.787686091421584 ] } },
{ "type": "Feature", "properties": { "ID_HDC_G0": 3006.0, "QA2_1V": 1.0, "AREA": 18.0, "GCPNT_LAT": 51.843782025300001, "GCPNT_LON": 16.577666336899998, "CTR_MN_NM": "Poland", "XBRDR": 0.0, "UC_NM_MN": "Leszno" }, "geometry": { "type": "Point", "coordinates": [ 16.577666336928502, 51.843782025307213 ] } },
{ "type": "Feature", "properties": { "ID_HDC_G0": 3012.0, "QA2_1V": 1.0, "AREA": 181.0, "GCPNT_LAT": 52.400970572399999, "GCPNT_LON": 16.918282365700001, "CTR_MN_NM": "Poland", "XBRDR": 0.0, "UC_NM_MN": "Poznan" }, "geometry": { "type": "Point", "coordinates": [ 16.918282365671189, 52.400970572415389 ] } },
{ "type": "Feature", "properties": { "ID_HDC_G0": 3014.0, "QA2_1V": 1.0, "AREA": 22.0, "GCPNT_LAT": 37.066609233599998, "GCPNT_LON": 14.2472309897, "CTR_MN_NM": "Italy", "XBRDR": 0.0, "UC_NM_MN": "Gela" }, "geometry": { "type": "Point", "coordinates": [ 14.247230989678393, 37.066609233601973 ] } },
{ "type": "Feature", "properties": { "ID_HDC_G0": 3015.0, "QA2_1V": 1.0, "AREA": 15.0, "GCPNT_LAT": 50.842702973800002, "GCPNT_LON": 16.494767786600001, "CTR_MN_NM": "Poland", "XBRDR": 0.0, "UC_NM_MN": "Świdnica" }, "geometry": { "type": "Point", "coordinates": [ 16.494767786629975, 50.842702973835934 ] } },
{ "type": "Feature", "properties": { "ID_HDC_G0": 3016.0, "QA2_1V": 1.0, "AREA": 23.0, "GCPNT_LAT": 46.5447545663, "GCPNT_LON": 15.653893287400001, "CTR_MN_NM": "Slovenia", "XBRDR": 0.0, "UC_NM_MN": "Maribor" }, "geometry": { "type": "Point", "coordinates": [ 15.653893287402108, 46.544754566322609 ] } },
{ "type": "Feature", "properties": { "ID_HDC_G0": 3017.0, "QA2_1V": 1.0, "AREA": 29.0, "GCPNT_LAT": 44.117730119900003, "GCPNT_LON": 15.239896441300001, "CTR_MN_NM": "Croatia", "XBRDR": 0.0, "UC_NM_MN": "Zadar" }, "geometry": { "type": "Point", "coordinates": [ 15.239896441255581, 44.117730119897637 ] } },
{ "type": "Feature", "properties": { "ID_HDC_G0": 3019.0, "QA2_1V": 1.0, "AREA": 17.0, "GCPNT_LAT": 40.914176317100001, "GCPNT_LON": 14.778282600700001, "CTR_MN_NM": "Italy", "XBRDR": 0.0, "UC_NM_MN": "Avellino" }, "geometry": { "type": "Point", "coordinates": [ 14.778282600706795, 40.914176317140701 ] } },
{ "type": "Feature", "properties": { "ID_HDC_G0": 3021.0, "QA2_1V": 1.0, "AREA": 55.0, "GCPNT_LAT": 40.681302846299999, "GCPNT_LON": 14.792448283600001, "CTR_MN_NM": "Italy", "XBRDR": 0.0, "UC_NM_MN": "Salerno" }, "geometry": { "type": "Point", "coordinates": [ 14.792448283558533, 40.681302846330027 ] } },
{ "type": "Feature", "properties": { "ID_HDC_G0": 3026.0, "QA2_1V": 1.0, "AREA": 16.0, "GCPNT_LAT": 40.611973653, "GCPNT_LON": 14.971585773899999, "CTR_MN_NM": "Italy", "XBRDR": 0.0, "UC_NM_MN": "Battipaglia" }, "geometry": { "type": "Point", "coordinates": [ 14.971585773911041, 40.611973652956131 ] } },
{ "type": "Feature", "properties": { "ID_HDC_G0": 3027.0, "QA2_1V": 1.0, "AREA": 392.0, "GCPNT_LAT": 48.198408185399998, "GCPNT_LON": 16.383975866099998, "CTR_MN_NM": "Austria", "XBRDR": 0.0, "UC_NM_MN": "Vienna" }, "geometry": { "type": "Point", "coordinates": [ 16.383975866061146, 48.198408185389091 ] } },
{ "type": "Feature", "properties": { "ID_HDC_G0": 3031.0, "QA2_1V": 1.0, "AREA": 152.0, "GCPNT_LAT": 51.107762750299997, "GCPNT_LON": 17.029062376500001, "CTR_MN_NM": "Poland", "XBRDR": 0.0, "UC_NM_MN": "Wroclaw" }, "geometry": { "type": "Point", "coordinates": [ 17.02906237647457, 51.107762750274077 ] } },
{ "type": "Feature", "properties": { "ID_HDC_G0": 3032.0, "QA2_1V": 1.0, "AREA": 203.0, "GCPNT_LAT": 45.801489408400002, "GCPNT_LON": 15.988180678799999, "CTR_MN_NM": "Croatia", "XBRDR": 0.0, "UC_NM_MN": "Zagreb" }, "geometry": { "type": "Point", "coordinates": [ 15.988180678788156, 45.801489408428651 ] } },
{ "type": "Feature", "properties": { "ID_HDC_G0": 3036.0, "QA2_1V": 1.0, "AREA": 94.0, "GCPNT_LAT": 49.195726908499999, "GCPNT_LON": 16.615724861699999, "CTR_MN_NM": "Czech Republic", "XBRDR": 0.0, "UC_NM_MN": "Brno" }, "geometry": { "type": "Point", "coordinates": [ 16.615724861675698, 49.19572690850827 ] } },
{ "type": "Feature", "properties": { "ID_HDC_G0": 3038.0, "QA2_1V": 1.0, "AREA": 11.0, "GCPNT_LAT": 36.920084199400002, "GCPNT_LON": 14.7147407218, "CTR_MN_NM": "Italy", "XBRDR": 0.0, "UC_NM_MN": "Ragusa" }, "geometry": { "type": "Point", "coordinates": [ 14.714740721804093, 36.920084199398019 ] } },
{ "type": "Feature", "properties": { "ID_HDC_G0": 3040.0, "QA2_1V": 1.0, "AREA": 8.0, "GCPNT_LAT": 41.689677031099997, "GCPNT_LON": 15.378501461000001, "CTR_MN_NM": "Italy", "XBRDR": 0.0, "UC_NM_MN": "San Severo" }, "geometry": { "type": "Point", "coordinates": [ 15.378501461017668, 41.689677031088095 ] } },
{ "type": "Feature", "properties": { "ID_HDC_G0": 3043.0, "QA2_1V": 1.0, "AREA": 23.0, "GCPNT_LAT": 52.5293246, "GCPNT_LON": 17.599206263399999, "CTR_MN_NM": "Poland", "XBRDR": 0.0, "UC_NM_MN": "Gniezno" }, "geometry": { "type": "Point", "coordinates": [ 17.599206263374409, 52.529324599984875 ] } },
{ "type": "Feature", "properties": { "ID_HDC_G0": 3045.0, "QA2_1V": 1.0, "AREA": 17.0, "GCPNT_LAT": 54.608636288299998, "GCPNT_LON": 18.228962502800002, "CTR_MN_NM": "Poland", "XBRDR": 0.0, "UC_NM_MN": "Wejherowo" }, "geometry": { "type": "Point", "coordinates": [ 18.228962502810987, 54.608636288262495 ] } },
{ "type": "Feature", "properties": { "ID_HDC_G0": 3047.0, "QA2_1V": 1.0, "AREA": 14.0, "GCPNT_LAT": 47.681620137099998, "GCPNT_LON": 16.5857468498, "CTR_MN_NM": "Hungary", "XBRDR": 0.0, "UC_NM_MN": "Sopron" }, "geometry": { "type": "Point", "coordinates": [ 16.585746849806551, 47.681620137051553 ] } },
{ "type": "Feature", "properties": { "ID_HDC_G0": 3049.0, "QA2_1V": 1.0, "AREA": 18.0, "GCPNT_LAT": 41.458131339600001, "GCPNT_LON": 15.5477714857, "CTR_MN_NM": "Italy", "XBRDR": 0.0, "UC_NM_MN": "Foggia" }, "geometry": { "type": "Point", "coordinates": [ 15.547771485739434, 41.458131339581357 ] } },
{ "type": "Feature", "properties": { "ID_HDC_G0": 3051.0, "QA2_1V": 1.0, "AREA": 109.0, "GCPNT_LAT": 37.534481307699998, "GCPNT_LON": 15.071529610400001, "CTR_MN_NM": "Italy", "XBRDR": 0.0, "UC_NM_MN": "Catania" }, "geometry": { "type": "Point", "coordinates": [ 15.071529610388747, 37.534481307692026 ] } },
{ "type": "Feature", "properties": { "ID_HDC_G0": 3054.0, "QA2_1V": 1.0, "AREA": 90.0, "GCPNT_LAT": 53.129645752999998, "GCPNT_LON": 18.033563353200002, "CTR_MN_NM": "Poland", "XBRDR": 0.0, "UC_NM_MN": "Bydgoszcz" }, "geometry": { "type": "Point", "coordinates": [ 18.033563353240819, 53.129645753014131 ] } },
{ "type": "Feature", "properties": { "ID_HDC_G0": 3056.0, "QA2_1V": 1.0, "AREA": 36.0, "GCPNT_LAT": 37.5988045697, "GCPNT_LON": 15.1308429736, "CTR_MN_NM": "Italy", "XBRDR": 0.0, "UC_NM_MN": "Acireale" }, "geometry": { "type": "Point", "coordinates": [ 15.130842973624961, 37.598804569652366 ] } },
{ "type": "Feature", "properties": { "ID_HDC_G0": 3057.0, "QA2_1V": 1.0, "AREA": 16.0, "GCPNT_LAT": 47.2345953568, "GCPNT_LON": 16.622746765799999, "CTR_MN_NM": "Hungary", "XBRDR": 0.0, "UC_NM_MN": "Szombathely" }, "geometry": { "type": "Point", "coordinates": [ 16.622746765838425, 47.234595356820051 ] } },
{ "type": "Feature", "properties": { "ID_HDC_G0": 3060.0, "QA2_1V": 1.0, "AREA": 206.0, "GCPNT_LAT": 54.420496729500002, "GCPNT_LON": 18.586824495799998, "CTR_MN_NM": "Poland", "XBRDR": 0.0, "UC_NM_MN": "Gdansk" }, "geometry": { "type": "Point", "coordinates": [ 18.586824495771335, 54.420496729485365 ] } },
{ "type": "Feature", "properties": { "ID_HDC_G0": 3063.0, "QA2_1V": 1.0, "AREA": 27.0, "GCPNT_LAT": 49.5917059075, "GCPNT_LON": 17.259234768300001, "CTR_MN_NM": "Czech Republic", "XBRDR": 0.0, "UC_NM_MN": "Olomouc" }, "geometry": { "type": "Point", "coordinates": [ 17.259234768319359, 49.591705907462533 ] } },
{ "type": "Feature", "properties": { "ID_HDC_G0": 3066.0, "QA2_1V": 1.0, "AREA": 21.0, "GCPNT_LAT": 51.647378160099997, "GCPNT_LON": 17.8093856138, "CTR_MN_NM": "Poland", "XBRDR": 0.0, "UC_NM_MN": "Ostrów Wielkopolski" }, "geometry": { "type": "Point", "coordinates": [ 17.809385613772033, 51.647378160054132 ] } },
{ "type": "Feature", "properties": { "ID_HDC_G0": 3069.0, "QA2_1V": 1.0, "AREA": 117.0, "GCPNT_LAT": 48.1523784416, "GCPNT_LON": 17.132493734699999, "CTR_MN_NM": "Slovakia", "XBRDR": 0.0, "UC_NM_MN": "Bratislava" }, "geometry": { "type": "Point", "coordinates": [ 17.132493734723013, 48.152378441637026 ] } },
{ "type": "Feature", "properties": { "ID_HDC_G0": 3074.0, "QA2_1V": 1.0, "AREA": 24.0, "GCPNT_LAT": 37.082061934899997, "GCPNT_LON": 15.277703801199999, "CTR_MN_NM": "Italy", "XBRDR": 0.0, "UC_NM_MN": "Syracuse" }, "geometry": { "type": "Point", "coordinates": [ 15.277703801172525, 37.082061934932561 ] } },
{ "type": "Feature", "properties": { "ID_HDC_G0": 3077.0, "QA2_1V": 1.0, "AREA": 8.0, "GCPNT_LAT": 41.263430971399998, "GCPNT_LON": 15.896140025399999, "CTR_MN_NM": "Italy", "XBRDR": 0.0, "UC_NM_MN": "Cerignola" }, "geometry": { "type": "Point", "coordinates": [ 15.896140025355898, 41.263430971420355 ] } },
{ "type": "Feature", "properties": { "ID_HDC_G0": 3080.0, "QA2_1V": 1.0, "AREA": 19.0, "GCPNT_LAT": 52.780320034200003, "GCPNT_LON": 18.2532678046, "CTR_MN_NM": "Poland", "XBRDR": 0.0, "UC_NM_MN": "Inowrocław" }, "geometry": { "type": "Point", "coordinates": [ 18.253267804567241, 52.780320034210433 ] } },
{ "type": "Feature", "properties": { "ID_HDC_G0": 3083.0, "QA2_1V": 1.0, "AREA": 62.0, "GCPNT_LAT": 38.199271996900002, "GCPNT_LON": 15.5585876935, "CTR_MN_NM": "Italy", "XBRDR": 0.0, "UC_NM_MN": "Messina" }, "geometry": { "type": "Point", "coordinates": [ 15.558587693464887, 38.199271996933369 ] } },
{ "type": "Feature", "properties": { "ID_HDC_G0": 3084.0, "QA2_1V": 1.0, "AREA": 76.0, "GCPNT_LAT": 43.5233383817, "GCPNT_LON": 16.458503163900001, "CTR_MN_NM": "Croatia", "XBRDR": 0.0, "UC_NM_MN": "Split" }, "geometry": { "type": "Point", "coordinates": [ 16.458503163904592, 43.523338381698061 ] } },
{ "type": "Feature", "properties": { "ID_HDC_G0": 3085.0, "QA2_1V": 1.0, "AREA": 26.0, "GCPNT_LAT": 51.751268512099998, "GCPNT_LON": 18.080979987199999, "CTR_MN_NM": "Poland", "XBRDR": 0.0, "UC_NM_MN": "Kalisz" }, "geometry": { "type": "Point", "coordinates": [ 18.080979987166995, 51.751268512065067 ] } },
{ "type": "Feature", "properties": { "ID_HDC_G0": 3091.0, "QA2_1V": 1.0, "AREA": 17.0, "GCPNT_LAT": 54.08806479, "GCPNT_LON": 18.783016201900001, "CTR_MN_NM": "Poland", "XBRDR": 0.0, "UC_NM_MN": "Tczew" }, "geometry": { "type": "Point", "coordinates": [ 18.783016201893702, 54.088064790037301 ] } },
{ "type": "Feature", "properties": { "ID_HDC_G0": 3092.0, "QA2_1V": 1.0, "AREA": 36.0, "GCPNT_LAT": 50.667244741700003, "GCPNT_LON": 17.931461752699999, "CTR_MN_NM": "Poland", "XBRDR": 0.0, "UC_NM_MN": "Opole" }, "geometry": { "type": "Point", "coordinates": [ 17.931461752658969, 50.667244741686176 ] } },
{ "type": "Feature", "properties": { "ID_HDC_G0": 3093.0, "QA2_1V": 1.0, "AREA": 48.0, "GCPNT_LAT": 38.106256956300001, "GCPNT_LON": 15.6503575843, "CTR_MN_NM": "Italy", "XBRDR": 0.0, "UC_NM_MN": "Reggio Calabria" }, "geometry": { "type": "Point", "coordinates": [ 15.650357584261164, 38.106256956310723 ] } },
{ "type": "Feature", "properties": { "ID_HDC_G0": 3096.0, "QA2_1V": 1.0, "AREA": 57.0, "GCPNT_LAT": 53.024361442199996, "GCPNT_LON": 18.629698149799999, "CTR_MN_NM": "Poland", "XBRDR": 0.0, "UC_NM_MN": "Toruń" }, "geometry": { "type": "Point", "coordinates": [ 18.629698149816427, 53.024361442226173 ] } },
{ "type": "Feature", "properties": { "ID_HDC_G0": 3102.0, "QA2_1V": 1.0, "AREA": 14.0, "GCPNT_LAT": 41.316372942500003, "GCPNT_LON": 16.282502441199998, "CTR_MN_NM": "Italy", "XBRDR": 0.0, "UC_NM_MN": "Barletta" }, "geometry": { "type": "Point", "coordinates": [ 16.282502441151195, 41.316372942544149 ] } },
{ "type": "Feature", "properties": { "ID_HDC_G0": 3104.0, "QA2_1V": 1.0, "AREA": 16.0, "GCPNT_LAT": 48.371427707899997, "GCPNT_LON": 17.588212098, "CTR_MN_NM": "Slovakia", "XBRDR": 0.0, "UC_NM_MN": "Trnava" }, "geometry": { "type": "Point", "coordinates": [ 17.588212097954866, 48.371427707926415 ] } },
{ "type": "Feature", "properties": { "ID_HDC_G0": 3107.0, "QA2_1V": 1.0, "AREA": 12.0, "GCPNT_LAT": 41.228520577799998, "GCPNT_LON": 16.296293956900001, "CTR_MN_NM": "Italy", "XBRDR": 0.0, "UC_NM_MN": "Andria" }, "geometry": { "type": "Point", "coordinates": [ 16.296293956942414, 41.228520577848357 ] } },
{ "type": "Feature", "properties": { "ID_HDC_G0": 3110.0, "QA2_1V": 1.0, "AREA": 11.0, "GCPNT_LAT": 41.279096845700003, "GCPNT_LON": 16.410004530999998, "CTR_MN_NM": "Italy", "XBRDR": 0.0, "UC_NM_MN": "Trani" }, "geometry": { "type": "Point", "coordinates": [ 16.41000453096817, 41.279096845670509 ] } },
{ "type": "Feature", "properties": { "ID_HDC_G0": 3114.0, "QA2_1V": 1.0, "AREA": 33.0, "GCPNT_LAT": 47.684647612100001, "GCPNT_LON": 17.653111040799999, "CTR_MN_NM": "Hungary", "XBRDR": 0.0, "UC_NM_MN": "Győr" }, "geometry": { "type": "Point", "coordinates": [ 17.653111040753799, 47.684647612138427 ] } },
{ "type": "Feature", "properties": { "ID_HDC_G0": 3115.0, "QA2_1V": 1.0, "AREA": 10.0, "GCPNT_LAT": 41.241583005800003, "GCPNT_LON": 16.498861177399998, "CTR_MN_NM": "Italy", "XBRDR": 0.0, "UC_NM_MN": "Bisceglie" }, "geometry": { "type": "Point", "coordinates": [ 16.498861177438208, 41.24158300578069 ] } },
{ "type": "Feature", "properties": { "ID_HDC_G0": 3118.0, "QA2_1V": 1.0, "AREA": 24.0, "GCPNT_LAT": 39.313677844700003, "GCPNT_LON": 16.241635668899999, "CTR_MN_NM": "Italy", "XBRDR": 0.0, "UC_NM_MN": "Cosenza" }, "geometry": { "type": "Point", "coordinates": [ 16.241635668890368, 39.313677844704053 ] } },
{ "type": "Feature", "properties": { "ID_HDC_G0": 3120.0, "QA2_1V": 1.0, "AREA": 72.0, "GCPNT_LAT": 49.815648211000003, "GCPNT_LON": 18.278505109699999, "CTR_MN_NM": "Czech Republic", "XBRDR": 0.0, "UC_NM_MN": "Ostrava" }, "geometry": { "type": "Point", "coordinates": [ 18.278505109679557, 49.815648210997431 ] } },
{ "type": "Feature", "properties": { "ID_HDC_G0": 3121.0, "QA2_1V": 1.0, "AREA": 47.0, "GCPNT_LAT": 44.790289855399998, "GCPNT_LON": 17.2013399577, "CTR_MN_NM": "Bosnia and Herzegovina", "XBRDR": 0.0, "UC_NM_MN": "Banja Luka" }, "geometry": { "type": "Point", "coordinates": [ 17.201339957675561, 44.790289855369757 ] } },
{ "type": "Feature", "properties": { "ID_HDC_G0": 3122.0, "QA2_1V": 2.0, "AREA": 15.0, "GCPNT_LAT": 52.574639063600003, "GCPNT_LON": 18.9965532109, "CTR_MN_NM": "Poland", "XBRDR": 0.0, "UC_NM_MN": "Kruszyn" }, "geometry": { "type": "Point", "coordinates": [ 18.996553210861229, 52.574639063563922 ] } },
{ "type": "Feature", "properties": { "ID_HDC_G0": 3123.0, "QA2_1V": 1.0, "AREA": 9.0, "GCPNT_LAT": 41.199746638500002, "GCPNT_LON": 16.596115040699999, "CTR_MN_NM": "Italy", "XBRDR": 0.0, "UC_NM_MN": "Molfetta" }, "geometry": { "type": "Point", "coordinates": [ 16.596115040719635, 41.199746638490126 ] } },
{ "type": "Feature", "properties": { "ID_HDC_G0": 3124.0, "QA2_1V": 1.0, "AREA": 9.0, "GCPNT_LAT": 40.824865089500001, "GCPNT_LON": 16.548954657, "CTR_MN_NM": "Italy", "XBRDR": 0.0, "UC_NM_MN": "Altamura" }, "geometry": { "type": "Point", "coordinates": [ 16.548954656966846, 40.824865089549569 ] } },
{ "type": "Feature", "properties": { "ID_HDC_G0": 3126.0, "QA2_1V": 1.0, "AREA": 5.0, "GCPNT_LAT": 54.132341863900002, "GCPNT_LON": 19.464526111200001, "CTR_MN_NM": "Poland", "XBRDR": 0.0, "UC_NM_MN": "Gronowo Górne" }, "geometry": { "type": "Point", "coordinates": [ 19.464526111215569, 54.132341863894773 ] } },
{ "type": "Feature", "properties": { "ID_HDC_G0": 3130.0, "QA2_1V": 1.0, "AREA": 40.0, "GCPNT_LAT": 50.075489344499999, "GCPNT_LON": 18.525978297000002, "CTR_MN_NM": "Poland", "XBRDR": 0.0, "UC_NM_MN": "Rybnik" }, "geometry": { "type": "Point", "coordinates": [ 18.525978297038517, 50.075489344451483 ] } },
{ "type": "Feature", "properties": { "ID_HDC_G0": 3132.0, "QA2_1V": 1.0, "AREA": 22.0, "GCPNT_LAT": 49.7920879881, "GCPNT_LON": 18.4403769762, "CTR_MN_NM": "Czech Republic", "XBRDR": 0.0, "UC_NM_MN": "Havířov" }, "geometry": { "type": "Point", "coordinates": [ 18.440376976216019, 49.792087988146719 ] } },
{ "type": "Feature", "properties": { "ID_HDC_G0": 3134.0, "QA2_1V": 1.0, "AREA": 589.0, "GCPNT_LAT": 50.299035389300002, "GCPNT_LON": 18.962496767299999, "CTR_MN_NM": "Poland", "XBRDR": 0.0, "UC_NM_MN": "Katowice" }, "geometry": { "type": "Point", "coordinates": [ 18.96249676728219, 50.299035389339117 ] } },
{ "type": "Feature", "properties": { "ID_HDC_G0": 3135.0, "QA2_1V": 1.0, "AREA": 80.0, "GCPNT_LAT": 41.106839077099998, "GCPNT_LON": 16.856250940100001, "CTR_MN_NM": "Italy", "XBRDR": 0.0, "UC_NM_MN": "Bari" }, "geometry": { "type": "Point", "coordinates": [ 16.856250940122344, 41.106839077144926 ] } },
{ "type": "Feature", "properties": { "ID_HDC_G0": 3146.0, "QA2_1V": 1.0, "AREA": 34.0, "GCPNT_LAT": 60.450041369399997, "GCPNT_LON": 22.243612600799999, "CTR_MN_NM": "Finland", "XBRDR": 0.0, "UC_NM_MN": "Turku" }, "geometry": { "type": "Point", "coordinates": [ 22.24361260080218, 60.450041369395741 ] } },
{ "type": "Feature", "properties": { "ID_HDC_G0": 3150.0, "QA2_1V": 1.0, "AREA": 71.0, "GCPNT_LAT": 50.812209908200003, "GCPNT_LON": 19.118166529700002, "CTR_MN_NM": "Poland", "XBRDR": 0.0, "UC_NM_MN": "Częstochowa" }, "geometry": { "type": "Point", "coordinates": [ 19.118166529727382, 50.812209908234294 ] } },
{ "type": "Feature", "properties": { "ID_HDC_G0": 3153.0, "QA2_1V": 1.0, "AREA": 143.0, "GCPNT_LAT": 51.765183412600003, "GCPNT_LON": 19.4501538086, "CTR_MN_NM": "Poland", "XBRDR": 0.0, "UC_NM_MN": "Lodz" }, "geometry": { "type": "Point", "coordinates": [ 19.450153808611532, 51.765183412576981 ] } },
{ "type": "Feature", "properties": { "ID_HDC_G0": 3154.0, "QA2_1V": 1.0, "AREA": 19.0, "GCPNT_LAT": 51.663042065600003, "GCPNT_LON": 19.359988638899999, "CTR_MN_NM": "Poland", "XBRDR": 0.0, "UC_NM_MN": "Pabianice" }, "geometry": { "type": "Point", "coordinates": [ 19.359988638942085, 51.66304206564218 ] } },
{ "type": "Feature", "properties": { "ID_HDC_G0": 3155.0, "QA2_1V": 1.0, "AREA": 21.0, "GCPNT_LAT": 49.213229533000003, "GCPNT_LON": 18.740779311099999, "CTR_MN_NM": "Slovakia", "XBRDR": 0.0, "UC_NM_MN": "Žilina" }, "geometry": { "type": "Point", "coordinates": [ 18.740779311075173, 49.21322953298921 ] } },
{ "type": "Feature", "properties": { "ID_HDC_G0": 3156.0, "QA2_1V": 1.0, "AREA": 36.0, "GCPNT_LAT": 50.117563402199998, "GCPNT_LON": 19.001491615700001, "CTR_MN_NM": "Poland", "XBRDR": 0.0, "UC_NM_MN": "Tychy" }, "geometry": { "type": "Point", "coordinates": [ 19.001491615729716, 50.117563402228733 ] } },
{ "type": "Feature", "properties": { "ID_HDC_G0": 3159.0, "QA2_1V": 1.0, "AREA": 28.0, "GCPNT_LAT": 52.541475850300003, "GCPNT_LON": 19.717444745000002, "CTR_MN_NM": "Poland", "XBRDR": 0.0, "UC_NM_MN": "Płock" }, "geometry": { "type": "Point", "coordinates": [ 19.717444745019002, 52.541475850339481 ] } },
{ "type": "Feature", "properties": { "ID_HDC_G0": 3161.0, "QA2_1V": 1.0, "AREA": 52.0, "GCPNT_LAT": 49.822993761500001, "GCPNT_LON": 19.040159913, "CTR_MN_NM": "Poland", "XBRDR": 0.0, "UC_NM_MN": "Bielsko-Biała" }, "geometry": { "type": "Point", "coordinates": [ 19.040159913001364, 49.82299376145351 ] } },
{ "type": "Feature", "properties": { "ID_HDC_G0": 3164.0, "QA2_1V": 1.0, "AREA": 28.0, "GCPNT_LAT": 47.192325384900002, "GCPNT_LON": 18.4302562425, "CTR_MN_NM": "Hungary", "XBRDR": 0.0, "UC_NM_MN": "Székesfehérvár" }, "geometry": { "type": "Point", "coordinates": [ 18.430256242520013, 47.192325384899547 ] } },
{ "type": "Feature", "properties": { "ID_HDC_G0": 3165.0, "QA2_1V": 1.0, "AREA": 36.0, "GCPNT_LAT": 46.070497647800003, "GCPNT_LON": 18.234005176299998, "CTR_MN_NM": "Hungary", "XBRDR": 0.0, "UC_NM_MN": "Pécs" }, "geometry": { "type": "Point", "coordinates": [ 18.234005176293277, 46.070497647831331 ] } },
{ "type": "Feature", "properties": { "ID_HDC_G0": 3166.0, "QA2_1V": 1.0, "AREA": 20.0, "GCPNT_LAT": 45.166517043799999, "GCPNT_LON": 18.016685170300001, "CTR_MN_NM": "Croatia", "XBRDR": 1.0, "UC_NM_MN": "Slavonski Brod" }, "geometry": { "type": "Point", "coordinates": [ 18.016685170325051, 45.166517043845609 ] } },
{ "type": "Feature", "properties": { "ID_HDC_G0": 3167.0, "QA2_1V": 1.0, "AREA": 56.0, "GCPNT_LAT": 40.487062420699999, "GCPNT_LON": 17.2171455561, "CTR_MN_NM": "Italy", "XBRDR": 0.0, "UC_NM_MN": "Taranto" }, "geometry": { "type": "Point", "coordinates": [ 17.217145556120951, 40.487062420670981 ] } },
{ "type": "Feature", "properties": { "ID_HDC_G0": 3170.0, "QA2_1V": 1.0, "AREA": 23.0, "GCPNT_LAT": 44.198470797, "GCPNT_LON": 17.931522959900001, "CTR_MN_NM": "Bosnia and Herzegovina", "XBRDR": 0.0, "UC_NM_MN": "Zenica" }, "geometry": { "type": "Point", "coordinates": [ 17.93152295993653, 44.198470797014885 ] } },
{ "type": "Feature", "properties": { "ID_HDC_G0": 3174.0, "QA2_1V": 1.0, "AREA": 21.0, "GCPNT_LAT": 43.332297977700001, "GCPNT_LON": 17.812687685, "CTR_MN_NM": "Bosnia and Herzegovina", "XBRDR": 0.0, "UC_NM_MN": "Mostar" }, "geometry": { "type": "Point", "coordinates": [ 17.812687685006882, 43.332297977690118 ] } },
{ "type": "Feature", "properties": { "ID_HDC_G0": 3179.0, "QA2_1V": 1.0, "AREA": 38.0, "GCPNT_LAT": 53.765865099099997, "GCPNT_LON": 20.485039457900001, "CTR_MN_NM": "Poland", "XBRDR": 0.0, "UC_NM_MN": "Olsztyn" }, "geometry": { "type": "Point", "coordinates": [ 20.485039457938758, 53.765865099099003 ] } },
{ "type": "Feature", "properties": { "ID_HDC_G0": 3182.0, "QA2_1V": 1.0, "AREA": 22.0, "GCPNT_LAT": 48.733280873799998, "GCPNT_LON": 19.150332163600002, "CTR_MN_NM": "Slovakia", "XBRDR": 0.0, "UC_NM_MN": "Banská Bystrica" }, "geometry": { "type": "Point", "coordinates": [ 19.150332163593259, 48.733280873836812 ] } },
{ "type": "Feature", "properties": { "ID_HDC_G0": 3185.0, "QA2_1V": 1.0, "AREA": 37.0, "GCPNT_LAT": 65.019378319599994, "GCPNT_LON": 25.482395993400001, "CTR_MN_NM": "Finland", "XBRDR": 0.0, "UC_NM_MN": "Oulu" }, "geometry": { "type": "Point", "coordinates": [ 25.482395993441667, 65.019378319633105 ] } },
{ "type": "Feature", "properties": { "ID_HDC_G0": 3190.0, "QA2_1V": 1.0, "AREA": 31.0, "GCPNT_LAT": 47.391458747500003, "GCPNT_LON": 18.9069974013, "CTR_MN_NM": "Hungary", "XBRDR": 0.0, "UC_NM_MN": "Érd" }, "geometry": { "type": "Point", "coordinates": [ 18.90699740126124, 47.391458747471219 ] } },
{ "type": "Feature", "properties": { "ID_HDC_G0": 3191.0, "QA2_1V": 1.0, "AREA": 52.0, "GCPNT_LAT": 61.492196774699998, "GCPNT_LON": 23.730041457700001, "CTR_MN_NM": "Finland", "XBRDR": 0.0, "UC_NM_MN": "Tampere" }, "geometry": { "type": "Point", "coordinates": [ 23.730041457743216, 61.492196774739035 ] } },
{ "type": "Feature", "properties": { "ID_HDC_G0": 3193.0, "QA2_1V": 1.0, "AREA": 433.0, "GCPNT_LAT": 47.483006344800003, "GCPNT_LON": 19.1097419285, "CTR_MN_NM": "Hungary", "XBRDR": 0.0, "UC_NM_MN": "Budapest" }, "geometry": { "type": "Point", "coordinates": [ 19.109741928542292, 47.48300634477183 ] } },
{ "type": "Feature", "properties": { "ID_HDC_G0": 3194.0, "QA2_1V": 1.0, "AREA": 18.0, "GCPNT_LAT": 51.537863200399997, "GCPNT_LON": 20.0170521919, "CTR_MN_NM": "Poland", "XBRDR": 0.0, "UC_NM_MN": "Tomaszów Mazowiecki" }, "geometry": { "type": "Point", "coordinates": [ 20.017052191881195, 51.537863200411024 ] } },
{ "type": "Feature", "properties": { "ID_HDC_G0": 3195.0, "QA2_1V": 1.0, "AREA": 20.0, "GCPNT_LAT": 45.555499703199999, "GCPNT_LON": 18.681420105600001, "CTR_MN_NM": "Croatia", "XBRDR": 0.0, "UC_NM_MN": "Osijek" }, "geometry": { "type": "Point", "coordinates": [ 18.681420105596853, 45.555499703187571 ] } },
{ "type": "Feature", "properties": { "ID_HDC_G0": 3196.0, "QA2_1V": 1.0, "AREA": 98.0, "GCPNT_LAT": 43.8552840969, "GCPNT_LON": 18.352588071, "CTR_MN_NM": "Bosnia and Herzegovina", "XBRDR": 0.0, "UC_NM_MN": "Sarajevo" }, "geometry": { "type": "Point", "coordinates": [ 18.352588070982197, 43.855284096948424 ] } },
{ "type": "Feature", "properties": { "ID_HDC_G0": 3205.0, "QA2_1V": 1.0, "AREA": 182.0, "GCPNT_LAT": 50.053691219400001, "GCPNT_LON": 19.985524520599999, "CTR_MN_NM": "Poland", "XBRDR": 0.0, "UC_NM_MN": "Krakow" }, "geometry": { "type": "Point", "coordinates": [ 19.985524520600656, 50.05369121943567 ] } },
{ "type": "Feature", "properties": { "ID_HDC_G0": 3206.0, "QA2_1V": 1.0, "AREA": 28.0, "GCPNT_LAT": 44.5339365994, "GCPNT_LON": 18.6739773308, "CTR_MN_NM": "Bosnia and Herzegovina", "XBRDR": 0.0, "UC_NM_MN": "Tuzla" }, "geometry": { "type": "Point", "coordinates": [ 18.673977330826055, 44.533936599416805 ] } },
{ "type": "Feature", "properties": { "ID_HDC_G0": 3208.0, "QA2_1V": 1.0, "AREA": 21.0, "GCPNT_LAT": 40.6359403027, "GCPNT_LON": 17.9495355289, "CTR_MN_NM": "Italy", "XBRDR": 0.0, "UC_NM_MN": "Brindisi" }, "geometry": { "type": "Point", "coordinates": [ 17.949535528861759, 40.635940302726461 ] } },
{ "type": "Feature", "properties": { "ID_HDC_G0": 3216.0, "QA2_1V": 1.0, "AREA": 425.0, "GCPNT_LAT": 52.225299233800001, "GCPNT_LON": 20.995712513699999, "CTR_MN_NM": "Poland", "XBRDR": 0.0, "UC_NM_MN": "Warsaw" }, "geometry": { "type": "Point", "coordinates": [ 20.995712513690766, 52.225299233773931 ] } },
{ "type": "Feature", "properties": { "ID_HDC_G0": 3218.0, "QA2_1V": 1.0, "AREA": 18.0, "GCPNT_LAT": 40.353140541999998, "GCPNT_LON": 18.175166701799998, "CTR_MN_NM": "Italy", "XBRDR": 0.0, "UC_NM_MN": "Lecce" }, "geometry": { "type": "Point", "coordinates": [ 18.175166701837306, 40.353140542016838 ] } },
{ "type": "Feature", "properties": { "ID_HDC_G0": 3219.0, "QA2_1V": 1.0, "AREA": 16.0, "GCPNT_LAT": 52.403027696400002, "GCPNT_LON": 20.9308544457, "CTR_MN_NM": "Poland", "XBRDR": 0.0, "UC_NM_MN": "Legionowo" }, "geometry": { "type": "Point", "coordinates": [ 20.930854445690183, 52.403027696435821 ] } },
{ "type": "Feature", "properties": { "ID_HDC_G0": 3223.0, "QA2_1V": 1.0, "AREA": 46.0, "GCPNT_LAT": 50.876363458500002, "GCPNT_LON": 20.624560010300002, "CTR_MN_NM": "Poland", "XBRDR": 0.0, "UC_NM_MN": "Kielce" }, "geometry": { "type": "Point", "coordinates": [ 20.624560010276856, 50.876363458528566 ] } },
{ "type": "Feature", "properties": { "ID_HDC_G0": 3230.0, "QA2_1V": 1.0, "AREA": 27.0, "GCPNT_LAT": 46.098435711, "GCPNT_LON": 19.664835483099999, "CTR_MN_NM": "Serbia", "XBRDR": 0.0, "UC_NM_MN": "Subotica" }, "geometry": { "type": "Point", "coordinates": [ 19.664835483098461, 46.098435710980098 ] } },
{ "type": "Feature", "properties": { "ID_HDC_G0": 3235.0, "QA2_1V": 1.0, "AREA": 48.0, "GCPNT_LAT": 51.397255295500003, "GCPNT_LON": 21.1552478479, "CTR_MN_NM": "Poland", "XBRDR": 0.0, "UC_NM_MN": "Radom" }, "geometry": { "type": "Point", "coordinates": [ 21.15524784794064, 51.397255295487149 ] } },
{ "type": "Feature", "properties": { "ID_HDC_G0": 3236.0, "QA2_1V": 1.0, "AREA": 22.0, "GCPNT_LAT": 49.611066830200002, "GCPNT_LON": 20.695684295100001, "CTR_MN_NM": "Poland", "XBRDR": 0.0, "UC_NM_MN": "Nowy Sącz" }, "geometry": { "type": "Point", "coordinates": [ 20.695684295107281, 49.611066830234002 ] } },
{ "type": "Feature", "properties": { "ID_HDC_G0": 3240.0, "QA2_1V": 1.0, "AREA": 73.0, "GCPNT_LAT": 45.2601628464, "GCPNT_LON": 19.823854635, "CTR_MN_NM": "Serbia", "XBRDR": 0.0, "UC_NM_MN": "Novi Sad" }, "geometry": { "type": "Point", "coordinates": [ 19.823854635014673, 45.260162846431413 ] } },
{ "type": "Feature", "properties": { "ID_HDC_G0": 3242.0, "QA2_1V": 1.0, "AREA": 20.0, "GCPNT_LAT": 62.252056666100003, "GCPNT_LON": 25.759970726399999, "CTR_MN_NM": "Finland", "XBRDR": 0.0, "UC_NM_MN": "Jyväskylä" }, "geometry": { "type": "Point", "coordinates": [ 25.759970726413421, 62.252056666133271 ] } },
{ "type": "Feature", "properties": { "ID_HDC_G0": 3243.0, "QA2_1V": 1.0, "AREA": 28.0, "GCPNT_LAT": 42.441485884599999, "GCPNT_LON": 19.262515993699999, "CTR_MN_NM": "Montenegro", "XBRDR": 0.0, "UC_NM_MN": "Podgorica" }, "geometry": { "type": "Point", "coordinates": [ 19.262515993657928, 42.441485884619688 ] } },
{ "type": "Feature", "properties": { "ID_HDC_G0": 3244.0, "QA2_1V": 1.0, "AREA": 344.0, "GCPNT_LAT": 60.223586826099996, "GCPNT_LON": 24.936916253100001, "CTR_MN_NM": "Finland", "XBRDR": 0.0, "UC_NM_MN": "Helsinki" }, "geometry": { "type": "Point", "coordinates": [ 24.936916253140108, 60.223586826095925 ] } },
{ "type": "Feature", "properties": { "ID_HDC_G0": 3246.0, "QA2_1V": 1.0, "AREA": 40.0, "GCPNT_LAT": 46.254444003099998, "GCPNT_LON": 20.152667331699998, "CTR_MN_NM": "Hungary", "XBRDR": 0.0, "UC_NM_MN": "Szeged" }, "geometry": { "type": "Point", "coordinates": [ 20.152667331731937, 46.25444400307429 ] } },
{ "type": "Feature", "properties": { "ID_HDC_G0": 3248.0, "QA2_1V": 1.0, "AREA": 24.0, "GCPNT_LAT": 50.9411042722, "GCPNT_LON": 21.3970744272, "CTR_MN_NM": "Poland", "XBRDR": 0.0, "UC_NM_MN": "Ostrowiec Świętokrzyski" }, "geometry": { "type": "Point", "coordinates": [ 21.397074427164426, 50.941104272179942 ] } },
{ "type": "Feature", "properties": { "ID_HDC_G0": 3252.0, "QA2_1V": 1.0, "AREA": 16.0, "GCPNT_LAT": 53.8211777032, "GCPNT_LON": 22.366193331400002, "CTR_MN_NM": "Poland", "XBRDR": 0.0, "UC_NM_MN": "Elk" }, "geometry": { "type": "Point", "coordinates": [ 22.366193331367025, 53.821177703218474 ] } },
{ "type": "Feature", "properties": { "ID_HDC_G0": 3253.0, "QA2_1V": 1.0, "AREA": 44.0, "GCPNT_LAT": 48.097157483399997, "GCPNT_LON": 20.770685138499999, "CTR_MN_NM": "Hungary", "XBRDR": 0.0, "UC_NM_MN": "Miskolc" }, "geometry": { "type": "Point", "coordinates": [ 20.770685138519145, 48.097157483375277 ] } },
{ "type": "Feature", "properties": { "ID_HDC_G0": 3256.0, "QA2_1V": 1.0, "AREA": 19.0, "GCPNT_LAT": 44.275358343500002, "GCPNT_LON": 19.902470235199999, "CTR_MN_NM": "Serbia", "XBRDR": 0.0, "UC_NM_MN": "Valjevo" }, "geometry": { "type": "Point", "coordinates": [ 19.902470235228655, 44.275358343532545 ] } },
{ "type": "Feature", "properties": { "ID_HDC_G0": 3261.0, "QA2_1V": 1.0, "AREA": 20.0, "GCPNT_LAT": 42.0683180662, "GCPNT_LON": 19.514160689499999, "CTR_MN_NM": "Albania", "XBRDR": 0.0, "UC_NM_MN": "Shkoder" }, "geometry": { "type": "Point", "coordinates": [ 19.51416068945467, 42.068318066195317 ] } },
{ "type": "Feature", "properties": { "ID_HDC_G0": 3263.0, "QA2_1V": 1.0, "AREA": 36.0, "GCPNT_LAT": 41.314620468999998, "GCPNT_LON": 19.477073217000001, "CTR_MN_NM": "Albania", "XBRDR": 0.0, "UC_NM_MN": "Durrës" }, "geometry": { "type": "Point", "coordinates": [ 19.477073216992132, 41.314620469016951 ] } },
{ "type": "Feature", "properties": { "ID_HDC_G0": 3265.0, "QA2_1V": 1.0, "AREA": 20.0, "GCPNT_LAT": 48.991448368500002, "GCPNT_LON": 21.2468707584, "CTR_MN_NM": "Slovakia", "XBRDR": 0.0, "UC_NM_MN": "Prešov" }, "geometry": { "type": "Point", "coordinates": [ 21.246870758443873, 48.991448368466131 ] } },
{ "type": "Feature", "properties": { "ID_HDC_G0": 3266.0, "QA2_1V": 1.0, "AREA": 25.0, "GCPNT_LAT": 45.372618722799999, "GCPNT_LON": 20.3943970656, "CTR_MN_NM": "Serbia", "XBRDR": 0.0, "UC_NM_MN": "Zrenjanin" }, "geometry": { "type": "Point", "coordinates": [ 20.39439706557064, 45.372618722836407 ] } },
{ "type": "Feature", "properties": { "ID_HDC_G0": 3267.0, "QA2_1V": 1.0, "AREA": 54.0, "GCPNT_LAT": 48.714571747400001, "GCPNT_LON": 21.259508304200001, "CTR_MN_NM": "Slovakia", "XBRDR": 0.0, "UC_NM_MN": "Košice" }, "geometry": { "type": "Point", "coordinates": [ 21.259508304246474, 48.714571747410034 ] } },
{ "type": "Feature", "properties": { "ID_HDC_G0": 3270.0, "QA2_1V": 1.0, "AREA": 237.0, "GCPNT_LAT": 44.797593725, "GCPNT_LON": 20.456560386700001, "CTR_MN_NM": "Serbia", "XBRDR": 0.0, "UC_NM_MN": "Belgrade" }, "geometry": { "type": "Point", "coordinates": [ 20.456560386665011, 44.797593725043505 ] } },
{ "type": "Feature", "properties": { "ID_HDC_G0": 3271.0, "QA2_1V": 1.0, "AREA": 21.0, "GCPNT_LAT": 40.462021213, "GCPNT_LON": 19.482420734800002, "CTR_MN_NM": "Albania", "XBRDR": 0.0, "UC_NM_MN": "Vlora" }, "geometry": { "type": "Point", "coordinates": [ 19.482420734767778, 40.462021213030425 ] } },
{ "type": "Feature", "properties": { "ID_HDC_G0": 3272.0, "QA2_1V": 1.0, "AREA": 8.0, "GCPNT_LAT": 40.7281497492, "GCPNT_LON": 19.5556497683, "CTR_MN_NM": "Albania", "XBRDR": 0.0, "UC_NM_MN": "Fier" }, "geometry": { "type": "Point", "coordinates": [ 19.555649768285235, 40.728149749178421 ] } },
{ "type": "Feature", "properties": { "ID_HDC_G0": 3274.0, "QA2_1V": 1.0, "AREA": 106.0, "GCPNT_LAT": 41.344263732900004, "GCPNT_LON": 19.7983616209, "CTR_MN_NM": "Albania", "XBRDR": 0.0, "UC_NM_MN": "Tirana" }, "geometry": { "type": "Point", "coordinates": [ 19.798361620885231, 41.344263732854245 ] } },
{ "type": "Feature", "properties": { "ID_HDC_G0": 3279.0, "QA2_1V": 1.0, "AREA": 23.0, "GCPNT_LAT": 43.887375984999998, "GCPNT_LON": 20.355410759400002, "CTR_MN_NM": "Serbia", "XBRDR": 0.0, "UC_NM_MN": "Čačak" }, "geometry": { "type": "Point", "coordinates": [ 20.35541075937487, 43.887375985018494 ] } },
{ "type": "Feature", "properties": { "ID_HDC_G0": 3280.0, "QA2_1V": 1.0, "AREA": 47.0, "GCPNT_LAT": 50.035218432800001, "GCPNT_LON": 22.0043091794, "CTR_MN_NM": "Poland", "XBRDR": 0.0, "UC_NM_MN": "Rzeszów" }, "geometry": { "type": "Point", "coordinates": [ 22.004309179367681, 50.035218432769945 ] } },
{ "type": "Feature", "properties": { "ID_HDC_G0": 3281.0, "QA2_1V": 1.0, "AREA": 20.0, "GCPNT_LAT": 44.865066164600002, "GCPNT_LON": 20.6602743087, "CTR_MN_NM": "Serbia", "XBRDR": 0.0, "UC_NM_MN": "Pancevo" }, "geometry": { "type": "Point", "coordinates": [ 20.660274308700934, 44.865066164647885 ] } },
{ "type": "Feature", "properties": { "ID_HDC_G0": 3288.0, "QA2_1V": 1.0, "AREA": 73.0, "GCPNT_LAT": 53.133715598400002, "GCPNT_LON": 23.146398314799999, "CTR_MN_NM": "Poland", "XBRDR": 0.0, "UC_NM_MN": "Białystok" }, "geometry": { "type": "Point", "coordinates": [ 23.146398314759121, 53.133715598395142 ] } },
{ "type": "Feature", "properties": { "ID_HDC_G0": 3289.0, "QA2_1V": 1.0, "AREA": 86.0, "GCPNT_LAT": 51.2385045097, "GCPNT_LON": 22.560718371, "CTR_MN_NM": "Poland", "XBRDR": 0.0, "UC_NM_MN": "Lublin" }, "geometry": { "type": "Point", "coordinates": [ 22.560718371004775, 51.238504509731186 ] } },
{ "type": "Feature", "properties": { "ID_HDC_G0": 3292.0, "QA2_1V": 1.0, "AREA": 20.0, "GCPNT_LAT": 43.139888655599997, "GCPNT_LON": 20.509306879499999, "CTR_MN_NM": "Serbia", "XBRDR": 0.0, "UC_NM_MN": "Novi Pazar" }, "geometry": { "type": "Point", "coordinates": [ 20.509306879515808, 43.139888655555779 ] } },
{ "type": "Feature", "properties": { "ID_HDC_G0": 3293.0, "QA2_1V": 1.0, "AREA": 17.0, "GCPNT_LAT": 41.1121145838, "GCPNT_LON": 20.084534531199999, "CTR_MN_NM": "Albania", "XBRDR": 0.0, "UC_NM_MN": "Elbasan" }, "geometry": { "type": "Point", "coordinates": [ 20.084534531163307, 41.112114583750191 ] } },
{ "type": "Feature", "properties": { "ID_HDC_G0": 3295.0, "QA2_1V": 1.0, "AREA": 26.0, "GCPNT_LAT": 62.890185877199997, "GCPNT_LON": 27.6736662257, "CTR_MN_NM": "Finland", "XBRDR": 0.0, "UC_NM_MN": "Kuopio" }, "geometry": { "type": "Point", "coordinates": [ 27.673666225686699, 62.890185877196693 ] } },
{ "type": "Feature", "properties": { "ID_HDC_G0": 3296.0, "QA2_1V": 1.0, "AREA": 21.0, "GCPNT_LAT": 43.723243361900003, "GCPNT_LON": 20.678451642399999, "CTR_MN_NM": "Serbia", "XBRDR": 0.0, "UC_NM_MN": "Kraljevo" }, "geometry": { "type": "Point", "coordinates": [ 20.678451642408142, 43.723243361907727 ] } },
{ "type": "Feature", "properties": { "ID_HDC_G0": 3297.0, "QA2_1V": 1.0, "AREA": 31.0, "GCPNT_LAT": 47.950101202200003, "GCPNT_LON": 21.725876872499999, "CTR_MN_NM": "Hungary", "XBRDR": 0.0, "UC_NM_MN": "Nyíregyháza" }, "geometry": { "type": "Point", "coordinates": [ 21.725876872498581, 47.950101202214199 ] } },
{ "type": "Feature", "properties": { "ID_HDC_G0": 3298.0, "QA2_1V": 1.0, "AREA": 50.0, "GCPNT_LAT": 47.532336907900003, "GCPNT_LON": 21.627951432700002, "CTR_MN_NM": "Hungary", "XBRDR": 0.0, "UC_NM_MN": "Debrecen" }, "geometry": { "type": "Point", "coordinates": [ 21.627951432695067, 47.532336907865201 ] } },
{ "type": "Feature", "properties": { "ID_HDC_G0": 3300.0, "QA2_1V": 1.0, "AREA": 63.0, "GCPNT_LAT": 45.7490647411, "GCPNT_LON": 21.228322649199999, "CTR_MN_NM": "Romania", "XBRDR": 0.0, "UC_NM_MN": "Timișoara" }, "geometry": { "type": "Point", "coordinates": [ 21.228322649234514, 45.749064741139541 ] } },
{ "type": "Feature", "properties": { "ID_HDC_G0": 3301.0, "QA2_1V": 1.0, "AREA": 40.0, "GCPNT_LAT": 46.180801928999998, "GCPNT_LON": 21.321237966399998, "CTR_MN_NM": "Romania", "XBRDR": 0.0, "UC_NM_MN": "Arad" }, "geometry": { "type": "Point", "coordinates": [ 21.321237966419272, 46.180801928952405 ] } },
{ "type": "Feature", "properties": { "ID_HDC_G0": 3304.0, "QA2_1V": 1.0, "AREA": 40.0, "GCPNT_LAT": 44.0074697736, "GCPNT_LON": 20.905914303199999, "CTR_MN_NM": "Serbia", "XBRDR": 0.0, "UC_NM_MN": "Kragujevac" }, "geometry": { "type": "Point", "coordinates": [ 20.905914303220875, 44.007469773605379 ] } },
{ "type": "Feature", "properties": { "ID_HDC_G0": 3314.0, "QA2_1V": 1.0, "AREA": 43.0, "GCPNT_LAT": 47.064709128600001, "GCPNT_LON": 21.9245502747, "CTR_MN_NM": "Romania", "XBRDR": 0.0, "UC_NM_MN": "Oradea" }, "geometry": { "type": "Point", "coordinates": [ 21.92455027468931, 47.064709128601933 ] } },
{ "type": "Feature", "properties": { "ID_HDC_G0": 3326.0, "QA2_1V": 1.0, "AREA": 14.0, "GCPNT_LAT": 43.575495004499999, "GCPNT_LON": 21.3276650293, "CTR_MN_NM": "Serbia", "XBRDR": 0.0, "UC_NM_MN": "Kruševac" }, "geometry": { "type": "Point", "coordinates": [ 21.327665029327019, 43.575495004466354 ] } },
{ "type": "Feature", "properties": { "ID_HDC_G0": 3328.0, "QA2_1V": 1.0, "AREA": 20.0, "GCPNT_LAT": 51.135889554899997, "GCPNT_LON": 23.486847034699998, "CTR_MN_NM": "Poland", "XBRDR": 0.0, "UC_NM_MN": "Chełm" }, "geometry": { "type": "Point", "coordinates": [ 23.486847034656837, 51.135889554936071 ] } },
{ "type": "Feature", "properties": { "ID_HDC_G0": 3331.0, "QA2_1V": 1.0, "AREA": 20.0, "GCPNT_LAT": 39.661249108299998, "GCPNT_LON": 20.848088540399999, "CTR_MN_NM": "Greece", "XBRDR": 0.0, "UC_NM_MN": "Ioannina" }, "geometry": { "type": "Point", "coordinates": [ 20.848088540365332, 39.661249108331461 ] } },
{ "type": "Feature", "properties": { "ID_HDC_G0": 3335.0, "QA2_1V": 1.0, "AREA": 19.0, "GCPNT_LAT": 47.789683901300002, "GCPNT_LON": 22.876265386899998, "CTR_MN_NM": "Romania", "XBRDR": 0.0, "UC_NM_MN": "Satu Mare" }, "geometry": { "type": "Point", "coordinates": [ 22.876265386913747, 47.789683901335287 ] } },
{ "type": "Feature", "properties": { "ID_HDC_G0": 3340.0, "QA2_1V": 1.0, "AREA": 37.0, "GCPNT_LAT": 43.321275418900001, "GCPNT_LON": 21.910104797300001, "CTR_MN_NM": "Serbia", "XBRDR": 0.0, "UC_NM_MN": "Niš" }, "geometry": { "type": "Point", "coordinates": [ 21.910104797291691, 43.321275418896725 ] } },
{ "type": "Feature", "properties": { "ID_HDC_G0": 3346.0, "QA2_1V": 1.0, "AREA": 15.0, "GCPNT_LAT": 42.995247519400003, "GCPNT_LON": 21.945008400799999, "CTR_MN_NM": "Serbia", "XBRDR": 0.0, "UC_NM_MN": "Leskovac" }, "geometry": { "type": "Point", "coordinates": [ 21.945008400827525, 42.995247519442096 ] } },
{ "type": "Feature", "properties": { "ID_HDC_G0": 3356.0, "QA2_1V": 1.0, "AREA": 24.0, "GCPNT_LAT": 44.627944647900001, "GCPNT_LON": 22.641276572700001, "CTR_MN_NM": "Romania", "XBRDR": 1.0, "UC_NM_MN": "Drobeta-Turnu Severin" }, "geometry": { "type": "Point", "coordinates": [ 22.641276572746033, 44.627944647862883 ] } },
{ "type": "Feature", "properties": { "ID_HDC_G0": 3357.0, "QA2_1V": 1.0, "AREA": 23.0, "GCPNT_LAT": 47.654423483099997, "GCPNT_LON": 23.569837585199998, "CTR_MN_NM": "Romania", "XBRDR": 0.0, "UC_NM_MN": "Baia Mare" }, "geometry": { "type": "Point", "coordinates": [ 23.569837585202901, 47.654423483068271 ] } },
{ "type": "Feature", "properties": { "ID_HDC_G0": 3367.0, "QA2_1V": 1.0, "AREA": 61.0, "GCPNT_LAT": 46.772235440499998, "GCPNT_LON": 23.604104837600001, "CTR_MN_NM": "Romania", "XBRDR": 0.0, "UC_NM_MN": "Cluj-Napoca" }, "geometry": { "type": "Point", "coordinates": [ 23.604104837642197, 46.772235440472073 ] } },
{ "type": "Feature", "properties": { "ID_HDC_G0": 3369.0, "QA2_1V": 1.0, "AREA": 51.0, "GCPNT_LAT": 38.2378652067, "GCPNT_LON": 21.745100028900001, "CTR_MN_NM": "Greece", "XBRDR": 0.0, "UC_NM_MN": "Patras" }, "geometry": { "type": "Point", "coordinates": [ 21.745100028859611, 38.237865206656366 ] } },
{ "type": "Feature", "properties": { "ID_HDC_G0": 3377.0, "QA2_1V": 1.0, "AREA": 33.0, "GCPNT_LAT": 39.627155936400001, "GCPNT_LON": 22.419053395900001, "CTR_MN_NM": "Greece", "XBRDR": 0.0, "UC_NM_MN": "Larissa" }, "geometry": { "type": "Point", "coordinates": [ 22.419053395869824, 39.627155936439955 ] } },
{ "type": "Feature", "properties": { "ID_HDC_G0": 3381.0, "QA2_1V": 1.0, "AREA": 205.0, "GCPNT_LAT": 42.685358385299999, "GCPNT_LON": 23.3253419636, "CTR_MN_NM": "Bulgaria", "XBRDR": 0.0, "UC_NM_MN": "Sofia" }, "geometry": { "type": "Point", "coordinates": [ 23.325341963624599, 42.685358385322722 ] } },
{ "type": "Feature", "properties": { "ID_HDC_G0": 3384.0, "QA2_1V": 1.0, "AREA": 117.0, "GCPNT_LAT": 40.642057338900003, "GCPNT_LON": 22.937073085000002, "CTR_MN_NM": "Greece", "XBRDR": 0.0, "UC_NM_MN": "Thessaloniki" }, "geometry": { "type": "Point", "coordinates": [ 22.937073084990633, 40.64205733892809 ] } },
{ "type": "Feature", "properties": { "ID_HDC_G0": 3385.0, "QA2_1V": 1.0, "AREA": 29.0, "GCPNT_LAT": 45.7926796892, "GCPNT_LON": 24.142463169399999, "CTR_MN_NM": "Romania", "XBRDR": 0.0, "UC_NM_MN": "Sibiu" }, "geometry": { "type": "Point", "coordinates": [ 24.142463169378157, 45.792679689198685 ] } },
{ "type": "Feature", "properties": { "ID_HDC_G0": 3386.0, "QA2_1V": 1.0, "AREA": 53.0, "GCPNT_LAT": 44.318952459899997, "GCPNT_LON": 23.7989762608, "CTR_MN_NM": "Romania", "XBRDR": 0.0, "UC_NM_MN": "Craiova" }, "geometry": { "type": "Point", "coordinates": [ 23.79897626078138, 44.318952459862871 ] } },
{ "type": "Feature", "properties": { "ID_HDC_G0": 3391.0, "QA2_1V": 2.0, "AREA": 14.0, "GCPNT_LAT": 42.745032382799998, "GCPNT_LON": 23.5231968736, "CTR_MN_NM": "Bulgaria", "XBRDR": 0.0, "UC_NM_MN": "Buhovo" }, "geometry": { "type": "Point", "coordinates": [ 23.523196873621121, 42.745032382782917 ] } },
{ "type": "Feature", "properties": { "ID_HDC_G0": 3392.0, "QA2_1V": 1.0, "AREA": 31.0, "GCPNT_LAT": 46.538798509499998, "GCPNT_LON": 24.5500912111, "CTR_MN_NM": "Romania", "XBRDR": 0.0, "UC_NM_MN": "Târgu Mureș" }, "geometry": { "type": "Point", "coordinates": [ 24.5500912111318, 46.538798509511011 ] } },
{ "type": "Feature", "properties": { "ID_HDC_G0": 3393.0, "QA2_1V": 1.0, "AREA": 25.0, "GCPNT_LAT": 39.369646814399999, "GCPNT_LON": 22.934640985800002, "CTR_MN_NM": "Greece", "XBRDR": 0.0, "UC_NM_MN": "Volos" }, "geometry": { "type": "Point", "coordinates": [ 22.934640985799646, 39.369646814442767 ] } },
{ "type": "Feature", "properties": { "ID_HDC_G0": 3404.0, "QA2_1V": 1.0, "AREA": 19.0, "GCPNT_LAT": 44.429477137299997, "GCPNT_LON": 24.374646262900001, "CTR_MN_NM": "Romania", "XBRDR": 0.0, "UC_NM_MN": "Slatina" }, "geometry": { "type": "Point", "coordinates": [ 24.374646262877175, 44.429477137336946 ] } },
{ "type": "Feature", "properties": { "ID_HDC_G0": 3411.0, "QA2_1V": 1.0, "AREA": 30.0, "GCPNT_LAT": 44.862917254199999, "GCPNT_LON": 24.863778615600001, "CTR_MN_NM": "Romania", "XBRDR": 0.0, "UC_NM_MN": "Pitești" }, "geometry": { "type": "Point", "coordinates": [ 24.863778615560634, 44.862917254216342 ] } },
{ "type": "Feature", "properties": { "ID_HDC_G0": 3414.0, "QA2_1V": 1.0, "AREA": 20.0, "GCPNT_LAT": 43.417994768500002, "GCPNT_LON": 24.6135364276, "CTR_MN_NM": "Bulgaria", "XBRDR": 0.0, "UC_NM_MN": "Pleven" }, "geometry": { "type": "Point", "coordinates": [ 24.613536427585458, 43.41799476847833 ] } },
{ "type": "Feature", "properties": { "ID_HDC_G0": 3416.0, "QA2_1V": 1.0, "AREA": 21.0, "GCPNT_LAT": 38.468863894800002, "GCPNT_LON": 23.607189872500001, "CTR_MN_NM": "Greece", "XBRDR": 0.0, "UC_NM_MN": "Chalkida" }, "geometry": { "type": "Point", "coordinates": [ 23.607189872505955, 38.468863894757071 ] } },
{ "type": "Feature", "properties": { "ID_HDC_G0": 3420.0, "QA2_1V": 1.0, "AREA": 438.0, "GCPNT_LAT": 37.999903095100002, "GCPNT_LON": 23.7426878829, "CTR_MN_NM": "Greece", "XBRDR": 0.0, "UC_NM_MN": "Athens" }, "geometry": { "type": "Point", "coordinates": [ 23.742687882901954, 37.999903095108294 ] } },
{ "type": "Feature", "properties": { "ID_HDC_G0": 3423.0, "QA2_1V": 1.0, "AREA": 48.0, "GCPNT_LAT": 45.651088493300001, "GCPNT_LON": 25.608760347800001, "CTR_MN_NM": "Romania", "XBRDR": 0.0, "UC_NM_MN": "Brasov" }, "geometry": { "type": "Point", "coordinates": [ 25.608760347791176, 45.65108849330268 ] } },
{ "type": "Feature", "properties": { "ID_HDC_G0": 3426.0, "QA2_1V": 1.0, "AREA": 20.0, "GCPNT_LAT": 47.663115347800002, "GCPNT_LON": 26.2569854533, "CTR_MN_NM": "Romania", "XBRDR": 0.0, "UC_NM_MN": "Suceava" }, "geometry": { "type": "Point", "coordinates": [ 26.256985453344178, 47.663115347813097 ] } },
{ "type": "Feature", "properties": { "ID_HDC_G0": 3427.0, "QA2_1V": 1.0, "AREA": 54.0, "GCPNT_LAT": 42.139996482500003, "GCPNT_LON": 24.752813925600002, "CTR_MN_NM": "Bulgaria", "XBRDR": 0.0, "UC_NM_MN": "Plovdiv" }, "geometry": { "type": "Point", "coordinates": [ 24.752813925627738, 42.139996482515691 ] } },
{ "type": "Feature", "properties": { "ID_HDC_G0": 3429.0, "QA2_1V": 1.0, "AREA": 17.0, "GCPNT_LAT": 44.920496698900003, "GCPNT_LON": 25.459330319399999, "CTR_MN_NM": "Romania", "XBRDR": 0.0, "UC_NM_MN": "Târgoviște" }, "geometry": { "type": "Point", "coordinates": [ 25.459330319436095, 44.920496698891419 ] } },
{ "type": "Feature", "properties": { "ID_HDC_G0": 3437.0, "QA2_1V": 1.0, "AREA": 20.0, "GCPNT_LAT": 46.929628602800001, "GCPNT_LON": 26.377372669300001, "CTR_MN_NM": "Romania", "XBRDR": 0.0, "UC_NM_MN": "Piatra Neamț" }, "geometry": { "type": "Point", "coordinates": [ 26.377372669298207, 46.929628602758775 ] } },
{ "type": "Feature", "properties": { "ID_HDC_G0": 3438.0, "QA2_1V": 1.0, "AREA": 18.0, "GCPNT_LAT": 47.744587414599998, "GCPNT_LON": 26.663779107500002, "CTR_MN_NM": "Romania", "XBRDR": 0.0, "UC_NM_MN": "Botoșani" }, "geometry": { "type": "Point", "coordinates": [ 26.663779107530701, 47.744587414550168 ] } },
{ "type": "Feature", "properties": { "ID_HDC_G0": 3439.0, "QA2_1V": 1.0, "AREA": 13.0, "GCPNT_LAT": 41.130323707499997, "GCPNT_LON": 24.888570428200001, "CTR_MN_NM": "Greece", "XBRDR": 0.0, "UC_NM_MN": "Xanthi" }, "geometry": { "type": "Point", "coordinates": [ 24.888570428163572, 41.130323707486909 ] } },
{ "type": "Feature", "properties": { "ID_HDC_G0": 3442.0, "QA2_1V": 1.0, "AREA": 40.0, "GCPNT_LAT": 44.938300457399997, "GCPNT_LON": 26.029744323500001, "CTR_MN_NM": "Romania", "XBRDR": 0.0, "UC_NM_MN": "Ploiești" }, "geometry": { "type": "Point", "coordinates": [ 26.029744323506513, 44.938300457356654 ] } },
{ "type": "Feature", "properties": { "ID_HDC_G0": 3444.0, "QA2_1V": 1.0, "AREA": 252.0, "GCPNT_LAT": 44.435246966000001, "GCPNT_LON": 26.104962474800001, "CTR_MN_NM": "Romania", "XBRDR": 0.0, "UC_NM_MN": "Bucharest" }, "geometry": { "type": "Point", "coordinates": [ 26.104962474828238, 44.435246966013089 ] } },
{ "type": "Feature", "properties": { "ID_HDC_G0": 3447.0, "QA2_1V": 1.0, "AREA": 22.0, "GCPNT_LAT": 35.505047629700002, "GCPNT_LON": 24.037741044299999, "CTR_MN_NM": "Greece", "XBRDR": 0.0, "UC_NM_MN": "Chania" }, "geometry": { "type": "Point", "coordinates": [ 24.037741044288389, 35.505047629713943 ] } },
{ "type": "Feature", "properties": { "ID_HDC_G0": 3448.0, "QA2_1V": 1.0, "AREA": 55.0, "GCPNT_LAT": 43.8681602383, "GCPNT_LON": 25.969272756599999, "CTR_MN_NM": "Bulgaria", "XBRDR": 1.0, "UC_NM_MN": "Ruse" }, "geometry": { "type": "Point", "coordinates": [ 25.969272756630492, 43.868160238283714 ] } },
{ "type": "Feature", "properties": { "ID_HDC_G0": 3451.0, "QA2_1V": 1.0, "AREA": 21.0, "GCPNT_LAT": 42.420102727500002, "GCPNT_LON": 25.628799084000001, "CTR_MN_NM": "Bulgaria", "XBRDR": 0.0, "UC_NM_MN": "Stara Zagora" }, "geometry": { "type": "Point", "coordinates": [ 25.628799084036203, 42.420102727474379 ] } },
{ "type": "Feature", "properties": { "ID_HDC_G0": 3453.0, "QA2_1V": 1.0, "AREA": 38.0, "GCPNT_LAT": 46.560888146300002, "GCPNT_LON": 26.9155917205, "CTR_MN_NM": "Romania", "XBRDR": 0.0, "UC_NM_MN": "Bacău" }, "geometry": { "type": "Point", "coordinates": [ 26.915591720492511, 46.560888146286544 ] } },
{ "type": "Feature", "properties": { "ID_HDC_G0": 3458.0, "QA2_1V": 1.0, "AREA": 23.0, "GCPNT_LAT": 45.150710365400002, "GCPNT_LON": 26.8157097942, "CTR_MN_NM": "Romania", "XBRDR": 0.0, "UC_NM_MN": "Buzău" }, "geometry": { "type": "Point", "coordinates": [ 26.815709794156948, 45.150710365380419 ] } },
{ "type": "Feature", "properties": { "ID_HDC_G0": 3461.0, "QA2_1V": 1.0, "AREA": 50.0, "GCPNT_LAT": 47.154376579800001, "GCPNT_LON": 27.587964333799999, "CTR_MN_NM": "Romania", "XBRDR": 0.0, "UC_NM_MN": "Iași" }, "geometry": { "type": "Point", "coordinates": [ 27.587964333757483, 47.154376579792597 ] } },
{ "type": "Feature", "properties": { "ID_HDC_G0": 3464.0, "QA2_1V": 1.0, "AREA": 9.0, "GCPNT_LAT": 44.095501806500003, "GCPNT_LON": 26.640183474800001, "CTR_MN_NM": "Romania", "XBRDR": 0.0, "UC_NM_MN": "Oltenița" }, "geometry": { "type": "Point", "coordinates": [ 26.640183474841916, 44.095501806463098 ] } },
{ "type": "Feature", "properties": { "ID_HDC_G0": 3467.0, "QA2_1V": 1.0, "AREA": 15.0, "GCPNT_LAT": 45.694642155099999, "GCPNT_LON": 27.183676030200001, "CTR_MN_NM": "Romania", "XBRDR": 0.0, "UC_NM_MN": "Focșani" }, "geometry": { "type": "Point", "coordinates": [ 27.183676030224198, 45.694642155079393 ] } },
{ "type": "Feature", "properties": { "ID_HDC_G0": 3477.0, "QA2_1V": 1.0, "AREA": 43.0, "GCPNT_LAT": 35.325256609500002, "GCPNT_LON": 25.121844575800001, "CTR_MN_NM": "Greece", "XBRDR": 0.0, "UC_NM_MN": "Heraklion" }, "geometry": { "type": "Point", "coordinates": [ 25.121844575759344, 35.325256609450271 ] } },
{ "type": "Feature", "properties": { "ID_HDC_G0": 3482.0, "QA2_1V": 1.0, "AREA": 46.0, "GCPNT_LAT": 44.204651064799997, "GCPNT_LON": 27.341082457300001, "CTR_MN_NM": "Romania", "XBRDR": 0.0, "UC_NM_MN": "Călărași" }, "geometry": { "type": "Point", "coordinates": [ 27.341082457349906, 44.204651064809674 ] } },
{ "type": "Feature", "properties": { "ID_HDC_G0": 3490.0, "QA2_1V": 1.0, "AREA": 54.0, "GCPNT_LAT": 45.437060438700001, "GCPNT_LON": 28.019754315699998, "CTR_MN_NM": "Romania", "XBRDR": 0.0, "UC_NM_MN": "Galați" }, "geometry": { "type": "Point", "coordinates": [ 28.019754315705104, 45.437060438742648 ] } },
{ "type": "Feature", "properties": { "ID_HDC_G0": 3492.0, "QA2_1V": 1.0, "AREA": 31.0, "GCPNT_LAT": 45.276157863800002, "GCPNT_LON": 27.958304353700001, "CTR_MN_NM": "Romania", "XBRDR": 0.0, "UC_NM_MN": "Brăila" }, "geometry": { "type": "Point", "coordinates": [ 27.958304353664158, 45.276157863758897 ] } },
{ "type": "Feature", "properties": { "ID_HDC_G0": 3503.0, "QA2_1V": 1.0, "AREA": 45.0, "GCPNT_LAT": 42.497382948400002, "GCPNT_LON": 27.446198954300002, "CTR_MN_NM": "Bulgaria", "XBRDR": 0.0, "UC_NM_MN": "Burgas" }, "geometry": { "type": "Point", "coordinates": [ 27.44619895429868, 42.497382948367807 ] } },
{ "type": "Feature", "properties": { "ID_HDC_G0": 3516.0, "QA2_1V": 1.0, "AREA": 83.0, "GCPNT_LAT": 43.224841227799999, "GCPNT_LON": 27.928736351600001, "CTR_MN_NM": "Bulgaria", "XBRDR": 0.0, "UC_NM_MN": "Varna" }, "geometry": { "type": "Point", "coordinates": [ 27.928736351612091, 43.224841227840415 ] } },
{ "type": "Feature", "properties": { "ID_HDC_G0": 3526.0, "QA2_1V": 1.0, "AREA": 15.0, "GCPNT_LAT": 45.179436403099999, "GCPNT_LON": 28.7905292226, "CTR_MN_NM": "Romania", "XBRDR": 0.0, "UC_NM_MN": "Tulcea" }, "geometry": { "type": "Point", "coordinates": [ 28.790529222554277, 45.179436403125422 ] } },
{ "type": "Feature", "properties": { "ID_HDC_G0": 3533.0, "QA2_1V": 1.0, "AREA": 72.0, "GCPNT_LAT": 44.188575118000003, "GCPNT_LON": 28.6257615759, "CTR_MN_NM": "Romania", "XBRDR": 0.0, "UC_NM_MN": "Constanța" }, "geometry": { "type": "Point", "coordinates": [ 28.62576157585525, 44.188575118041797 ] } },
{ "type": "Feature", "properties": { "ID_HDC_G0": 5729.0, "QA2_1V": 1.0, "AREA": 21.0, "GCPNT_LAT": -12.765719305699999, "GCPNT_LON": 45.215700509199998, "CTR_MN_NM": "France", "XBRDR": 0.0, "UC_NM_MN": "Mamoudzou" }, "geometry": { "type": "Point", "coordinates": [ 45.215700509232448, -12.765719305728313 ] } },
{ "type": "Feature", "properties": { "ID_HDC_G0": 5930.0, "QA2_1V": 1.0, "AREA": 33.0, "GCPNT_LAT": -20.943046749400001, "GCPNT_LON": 55.319464277100003, "CTR_MN_NM": "France", "XBRDR": 0.0, "UC_NM_MN": "Le Port" }, "geometry": { "type": "Point", "coordinates": [ 55.319464277068064, -20.943046749440256 ] } },
{ "type": "Feature", "properties": { "ID_HDC_G0": 5933.0, "QA2_1V": 1.0, "AREA": 18.0, "GCPNT_LAT": -21.272608334400001, "GCPNT_LON": 55.513015834599997, "CTR_MN_NM": "France", "XBRDR": 0.0, "UC_NM_MN": "Le Tampon" }, "geometry": { "type": "Point", "coordinates": [ 55.513015834616681, -21.272608334373245 ] } },
{ "type": "Feature", "properties": { "ID_HDC_G0": 5934.0, "QA2_1V": 1.0, "AREA": 34.0, "GCPNT_LAT": -20.9001204811, "GCPNT_LON": 55.474181638499999, "CTR_MN_NM": "France", "XBRDR": 0.0, "UC_NM_MN": "Saint-Denis" }, "geometry": { "type": "Point", "coordinates": [ 55.47418163850039, -20.900120481106008 ] } },
{ "type": "Feature", "properties": { "ID_HDC_G0": 5938.0, "QA2_1V": 1.0, "AREA": 21.0, "GCPNT_LAT": -20.948509314100001, "GCPNT_LON": 55.656489905699999, "CTR_MN_NM": "France", "XBRDR": 0.0, "UC_NM_MN": "Saint-André" }, "geometry": { "type": "Point", "coordinates": [ 55.656489905658049, -20.948509314059972 ] } }
]
}
